{"text":{"7":"#اعفاء_وزير_الرياضه_مطلب ياقوطي مستواك هزيل ومدربك ماعرف يتعامل مع المبارة تجي تقول اعفاء وخرابيط استح على وجهك استح","17":"😂😂😂😂\nعوايدهم يانفوز يانخرب \nاحمدوا ربكم ياقواااطي \nلولا الله ثم الهيئه و وزير الرياضه ولا كان بترجعون لوضعكم الطبيعي ماتتابعون إلا الدوري الاوروبي (صياحكم طرب)😂💔👌🏻\n\n#اعفاء_وزير_الرياضه_مطلب","35":"#اعفاء_وزير_الرياضه_مطلب\nقليلين خاتمة وقليلين حياء كل هذا وتجحدون\nما دواكم الا يتحلى عنكم وعن ديونكم https:\/\/t.co\/YiknLivC8u","36":"فريقكم دائماً ينلزخ ب الـ 4 و 5\nوزير الرياضه وش دخله؟\nوالله لو توجهوا نقدكم للاعبين و المدرب و الإدارة راح تشوفون الخير\nلاكن مادام جمهوركم مغيب عن نقد أخطاء ناديهم فلن تحصدوا بطولة هذا الموسم. \n#اعفاء_وزير_الرياضه_مطلب","45":"#اعفاء_وزير_الرياضه_مطلب بتظل شامخ ياسمو الاير عبد العزيز .  هذا الفريق تعود ع الدفع الرباعي. واحمد عيد https:\/\/t.co\/XsGfDsJKsT","47":"الحين وش دخل وزير الرياضة بموضوع الهزيمة؟😂\nيحسبون أنهم على عهد رعاية الشباب\nالوضع تغير والرجل صار وزير مو ينشال لاجل هزيمة مباراة!!😂\n #اعفاء_وزير_الرياضه_مطلب","51":"لم يعد لديهم شيء يقدمونه \nوالتغيير اصبح مطلب مهم\nمن اجل رياضة الوطن واهداف رؤيته\nمن اجل العدالة والنزاهة \n\n@KingSalman\n@AbdulazizTF\n@Yalmisehal\n@HRCSaudi\n\n#إعفاء_المسحل_مطلب\n#اعفاء_وزير_الرياضة_مطلب\n#انقذ_دورينا_يامحمد_سلمان https:\/\/t.co\/6VsOsTtAoy","61":"#اعفاء_وزير_الرياضه_مطلب\nولي الأمر خادم البيتين هو من يعطي ويسحب الثقه \nفلا يجوز التطاول على ذالك بالعُرف والدين \nفأن قصر أحد الوزراء فيجب أن يكون النقد وفق الذوق العام وعدم الخروج عن الادب لان هناك شرذمه من المتربصين الذين يفتنون الناس (والفتنه أشد من القتل )","64":"#اعفاء_وزير_الرياضه_مطلب\n\nفعلاً لازم يعفى اجل #الفقر كيف يجيب الدوري وهو ماغير جدول المباريات اكثر من مره ولا تدخل بتعيين الحكام له و #للهلال","80":"مباراة البارحة مباراة نزيهة شريفة ممتعة واقولها عن الشعب السعودي كافة شكرا شكرا وزارة الرياضة على التنظيم واحضار حكام نخبة على مستوى العالم \nوبعيدا عن التعصب الف مبروك لرابع العالم👏🏻\nوهاردلك لضجيج العالم  ☘️#اعفاء_وزير_الرياضه_مطلب","98":"#اعفاء_وزير_الرياضه_مطلب  ملح لعدم القدرة على قيادة رياضة المملكة العربية إلى مانطمح إليه","108":"كالعادة صياح في صياح \nيانفوز يانخرب؛؛؛؛ الهلال جلدكم ب ٤ مع الرائفة المفروض خمسه او أكثر وزير الرياضه لا علاقه له بسوء مستوي فريقكم الفاشل #اعفاء_وزير_الرياضه_مطلب","113":"#اعفاء_وزير_الرياضه_مطلب\nعندما تطالب وزير الرياضه بالاستقاله او الأعفاء عند هزيمه فريقك فأنت كذاب لاتريد رياضه نزيهه ولا متطوره إذا كان لايستحق المنصب فلماذا لم تعترضوا عليه عند التعيين وتضعوا الهاشتاقات في ذلك الوقت\nالمسأله اذآ رغبات وليست أداء","180":"#اعفاء_وزير_الرياضه_مطلب\nلماذا يطالب نادي الضجيج وإعلامه و جماهيره بـ إعفائك @AbdulazizTF ؟!\n-لأن الهلال في عهدك حقق بطولة القارة\nو لعب في كأس العالم للأندية وحقق المركز الرابع\n-لأن في عهدك تم استقبال الهلال وتكريمه من قبل سمو سيدي ولي العهد\n-لأن في عهدك فاز الهلال عليهم برباعية https:\/\/t.co\/Tm4RNxw8nj","181":"#اعفاء_وزير_الرياضه_مطلب\n\nالجماهير المزعجة فقاعة صوتية.\n\nالأمير الخلوق المثقف الكفء عبدالعزيز بن تركي الفيصل \nيستحق مناصب عدة في الدولة \nوليس فقط وزارة الرياضة","193":"#اعفاء_وزير_الرياضه_مطلب\n\nاكيد لازم يعفى \n\nما تسبب باقالة روساء الهلال ولا طير مدربهم ولا طلع محترفينهم برا النادي ولا سوى شي ابداً كذا اوفر والله ما يصير 😂","199":"هالأشكال تبي تعفي وزير الرياضة\nاللي متعين بأمر ملكي ليش ؟!!\n\nلأن نصرهم ما فاز '😂💔\n\n #اعفاء_وزير_الرياضه_مطلب\n#صداره_بس\n#الهلال_النصر https:\/\/t.co\/XtREvdKwWD","237":"#اعفاء_وزير_الرياضه_مطلب \nسمو وزير الرياضة حظى بثقة خادم الحرمين الشريفين وسمو ولي عهده وفي عهده تحقق للرياضة مالم يتحقق في سنوات والشرههة على بعض إعلامي الفقرالذين يغذون التعصب الرياضي بتصريحات  صبيانية وللإسف لم يجدون من يوقفهم عند حدهم من الجهات ذات العلاقة !!!!!","241":"#اعفاء_وزير_الرياضه_مطلب لايكون الفقراوية شايفين انفسهم انهم اصحاب قرار  فى الديون  الملكي يطالبون فى اعفاء وزير حكومي عين بقرار  ملكي  قسم انهم قواطي مصدية لازم يأدبون على هذا الهشتاق","243":"#اعفاء_وزير_الرياضه_مطلب صيااااااح ونياااااااح من جمهور الضجيج احلا وافضل وزير للرياضة الامير عبدالعزيز","257":"الوزير الأمير عبدالعزيز بن تركي الفيصل نعم الرجل\n\nصياحهم عليك دليل ناصع على أمانتك\n\nدائما اللصوص يشتكون من الشرطة\n😂 😂\n\n#اعفاء_وزير_الرياضه_مطلب","271":"الى كل اعضاء مليشيا العالمي ..\n\nطلعو @Yalmisehal من راسي ولا اطلعله الشرقية ..\n\n#اعفاء_وزير_الرياضة_مطلب https:\/\/t.co\/Ph0B7rnIKW","277":"ليه ما منعت مشاركة جوميز ليه ما اقلت رئيس الهلال\nليه ما طردت مدرب الهلال بعد ما حقق آسيا\nلذا نقول #اعفاء_وزير_الرياضه_مطلب","283":"#اعفاء_وزير_الرياضه_مطلب انا ضد اعفاءه هو رجل فاهم ومهنية عالية ورجل خلوق وفي قمة الاخلاق والتعامل","299":"#اعفاء_وزير_الرياضه_مطلب\n\nلا تنسون بأنه اقسم امام الملك سلمان بأنه يودي الامانه وعمل بكل اخلاص 🤔 https:\/\/t.co\/aLCEgBhxBp","301":"#اعفاء_وزير_الرياضه_مطلب\nسلطان بن فهد وما اعجبهم نواف فيصل ايضا عبدالله بن مساعد رغم عمله المنظم ركزوا على الميول وتركوا العمل تركي الشيخ غير جلد بعض الفرق وحولها من الثامن للمنافسة وحاربوه والان عبدالعزيز بن تركي الفيصل \nعلى كذا يجيبوا رئيس هيئة من كوكب اخر","308":"#اعفاء_وزير_الرياضه_مطلب\n\nنادي بكاء وجمهور متسلط ترى خسرانين بالاربعه وش الي اعفاء مااعفاء ماضيعكم الا إعلامكم الجاهل الهلال قضى وأجهز عليك بالاربعه لاتحط فشلك على غيرك","318":"#اعفاء_وزير_الرياضه_مطلب\nكرة القدم لعبة جماهيرية وبما أن نظام اتحاد كرة القدم مبني على الانتخابات يجب أن يوضع نظام انتخابي لجميع أعضاءه عن طريق صناديق الاقتراع ويكون الناخبين من جمهور كرة القدم بموجب بطاقات انتخابية ويشرف عليها الفيفا .","342":"لا والف لا !! لهاشتاق الفقراوية الي يطالبون  #اعفاء_وزير_الرياضه_مطلب \nيالنصراوي قل اربعة!!مكوk مقربعة  \n\nالنصراوية ظاهرة صوتية مزعجة اتمنى تلغى لعبة كرة القدم من ناديهم بسبب فشلهم ويوزعون اللاعبين على الاندية الأخرى\n#شخبار_الضغط https:\/\/t.co\/2cRvr33je0","344":"#اعفاء_وزير_الرياضه_مطلب\n\nبدا الصياح والضجيج  \n\nوش دخل وزير الرياضه  في فريقك الو ضيع  \n\nاذا فريقك  عحتى الاسماء  بالكشوفات حقت المباراه  مكرر اسم فهد الجميعه    تبي  تحطتها انت وياه  ع وزير الرياضه 😂 https:\/\/t.co\/v03A2vLUVH","347":"#اعفاء_وزير_الرياضه_مطلب\n#سحبه_والا_ما_سحبه \n#معاك_يانصر \n\nانطقه الله من حيث لا يعلم ،، وبلسانه 👌🏻\n\nاول مره يقول شي صح @sulimanAljuilan \n\nواكبر دليل ماحدث بالامس https:\/\/t.co\/YPGNqzk6C8","352":"هههههههههههههههههههههههههههه\n\nماله دخل الوزير واسباب خسارة النصر بالاربعه هؤلاء الاربعه 😍👇\n\n#اعفاء_وزير_الرياضه_مطلب https:\/\/t.co\/OhnwnRSI9n","358":"لابد من إعفاء وزير الرياضة\nأصبحت البرامج الرياضية تتحدث عن المهازج التي تحدث في الرياضة السعودية إعفاء انتصار للكرة السعودية #اعفاء_وزير_الرياضه_مطلب","360":"هذا الوزير اللي يعرف يأدب الفاشلين والبكايين. على قدر الالم يكثر الصياح #اعفاء_وزير_الرياضه_مطلب","375":"#اعفاء_وزير_الرياضه_مطلب كككككككككيييييييييووووووووت وزيرنا @AbdulazizTF 😩♥️♥️♥️ بحطها خلفية جوالي عجبتني الصورة هههههههههههههههههههههه \nاللهم ادم وزيرنا 👌🏼♥️♥️ https:\/\/t.co\/FP0WKGWEVT","384":"#اعفاء_وزير_الرياضه_مطلب\n\nاعفوه او ما اعفوه\nسحبوه او ماسحبوه\nيعفوه والصغير يرضوه\nفريقهم بطل لو ماسحبوه\nلا مايعفوه لانهم سحبوه\nواحد اثنين ثلاثة اربعة\nالخامس لو جاء يعفوه\nشخبطوه وبالارض مسحوه \nلا لا ما يعفوه","385":"#اعفاء_وزير_الرياضه_مطلب\n  لماذا المطالبة بالإعفاء ؟\n الخسارة يتحملها دفاع النصر \n وخسارة فريق كرة القدم لأي نادي لا يجب تحميلها وزير او غيره.\nالعقل نعمة وبس","388":"فعلا كما اشار #فيتوريا كل الحكام مؤهلين والاخطاء انعدمت مع #VAR ..\nتبقى فقط عوامل اخرى تؤثر على مستواه ..\nاقصد حرارة الجو طبعا ..\n\n@KingSalman\n@AbdulazizTF\n@Yalmisehal\n\n#اعفاء_وزير_الرياضة_مطلب https:\/\/t.co\/z0CfmAFw8Z","404":"#اعفاء_وزير_الرياضة_مطلب\n\nكنت اشوفه مطلب جدا عادي في ظل الكوارث التي حصلت ماقبل الديربي واثناءه مما كان لها الأثر الأكبر في تحويل دوري ام احمد اووه الله يقطع بليس الفراج كلها منه اقصد دوري سمو سيدي ولي العهد إلى المنافس الأخر مطالب واقعية جدا لاكنهم زعوليين الشكوى لله 😕","412":"امير وشاب وطموح يحصد الانجازات ويتفتخر  بجميع  انجازات الوطن هذه الصور خير شاهد وبدون ضجيج #اعفاء_وزير_الرياضه_مطلب https:\/\/t.co\/c4ldjVGLqA","436":"افعلها ي #ولي_العهد وانقذ رياضتنا من السقوط ..\nكلما زرعنا بذرة الرؤية سحبونا خطوات للخلف ..\n\n@AbdulazizTF\n@Yalmisehal\n\n#اعفاء_وزير_الرياضة_مطلب https:\/\/t.co\/L09PtywHge","442":"لاتسوي فيها زعلان يافقراوي روح نام لاتنسى وش سوا فيك الهلال من عشرين سنه واخرتها سالفه جحفلي لاتسوي تمون علينا😕😕😕💙💙 #اعفاء_وزير_الرياضه_مطلب https:\/\/t.co\/BcEJUhU1iP","462":"#من_اوقف_مايكون لنتخيل ان النصر فايز هل بيكون #اعفاء_وزير_الرياضة_مطلب  وهل بيكون ايقاف مايكون حرب للنصر ام تطبيقا للنضام","471":"#اعفاء_وزير_الرياضه_مطلب بدري على شنبك انت وياه هذا ابوه تركي وجده فيصل يامريض انت وياه خلو هاشتاقك في على دفتر ابو 40 😂😂😂","482":"#اعفاء_وزير_الرياضه_مطلب\nههههههه غريبه هذا الهشتاق ويبدو ان وراءه ضجيج بس الجميع يعي ان وزير الرياضة ومحدثها الأمير الشاب يقف على مسافه واحده من الجميع وجهوده ملموسه في تجديد وتطوير الرياضة ثم من يطالب بإعفاءه رده فعل لا أكثر !!","490":"#اعفاء_وزير_الرياضه_مطلب\n\nيا ساتر وليش هذا كله ⁉️\n\nمن حق اَي جمهور يزعل على خسارة فريقه وينتقد بعض القرارات والأخطاء أيضا ان وجدت\n\nلكن ما توصل الى نسف مجهود مسؤول بالكامل أيًا كان هذا المسؤول ‼️","501":"#اعفاء_وزير_الرياضه_مطلب\n\nوصلوا لمرحلة العقل انتهى الله يعين حالهم وش دخل وزير الرياضه بالمباراة طيب طالب اعفاء اتحاد  لكن \n\n مين المحرض لرفع الترند","514":"#اعفاء_وزير_الرياضه_مطلب\nعذر البليد يعني لا تسوي زعلان الامير من اسره عريقه وجده مؤسس الرياضه في البلد،\n فريقك ضعيف رغم  الدعم الخفي المميز ظهر فريق بلا هويه ولو زاد الوقت لوصلت لنتيجه كبيره وتاريخيه","521":"هذا الفريق الصغير بأنجازاته والكبير بضجيجه تم جلده كالعادة برباعية مع الرأفة من سيد وبطل وكبير اسيا 💙 #اعفاء_وزير_الرياضه_مطلب","528":"#اعفاء_وزير_الرياضه_مطلب\n\nبدري عليكم ....\n#وزير_الرياضة  فوق رؤوسنا جميعآ \n\nالا هذا الكلام كم صبرنا ع كلامكم وتجاوزاتكم واسائاتكم كم وكم وكم يكفي عبث يامن خلف الجوالات تسيئون لرياضتنا ؟\n\nحان وقت الحساب اين الجهات المعنية تربيكم.","536":"#اعفاء_وزير_الرياضه_مطلب بلعكس عادل ورجال عملي وطور الكره السعوديه كل التوفيق لسموك الكريم","539":"#اعفاء_وزير_الرياضه_مطلب\n\nوالله انه هاشتاق له بعد نظر وواقعي جدا بس انتوا زعوليين 😄","540":"#اعفاء_وزير_الرياضه_مطلب\nجاهم حفيد الفيصل اللي انهى مهزلة العام اللي راح نبغى بلنتي وشيل رئيسهم وبربسة نونو فيك حيلة تعال الملعب ياسلقة والا ارفع صياحك حتى يطلع من...،،\nبس صراحة ماينلاموا جمهورهم يوم يقودهم البنشري وام زكي المزيبل 😂😂😂","556":"بعد مهزلة الأمس \nيفترض حل اتحاد كرة القدم \nوإعفاء وزير الرياضة لإنه المشرف العام على هذا الإتحاد \n\n#اعفاء_وزير_الرياضه_مطلب https:\/\/t.co\/cyaG3XIhTI","573":"هنا اذا بيجي الانصاف والحق فهو افضل من تركي ال الشيخ ب١٠٠ مره كوجهه نظر بالنسبه لي #اعفاء_وزير_الرياضه_مطلب","592":"#اعفاء_وزير_الرياضة_مطلب حيث انه فعلا #وزير_الرياضه_فخر_الوطن لذلك اتمنى أن يرحل ويتم تكريمه ويأخذ وسام الملك عبدالعزيز من الدرجة الأولى","604":"#اعفاء_وزير_الرياضه_مطلب نحن في هذة المدة العامرة والزاهرة والتي يقودها سيدي سلمان بن عبدالعزير ال سعود وولي عهده الأمين محمد بن سلمان حفظهما الله جميعا \nأعتقد ان الرياضة في بلدنا الأن تحتاج إلى مراجعة وتجديد لمواكبة التطور التي تعيشه المملكه في هذا الزمان.","608":"#اعفاء_وزير_الرياضه_مطلب\nكل دوري او بطوله لايستطيعوا الحصول عليها الا بالرمق الأخير وخلال خدمه 5Star من الفرق الأخرى ويقارنون أنفسهم بالهلال\nولهم وجه يطالبون بإعفاء الوزير","623":"وزير الرياضه سعودي وفي خدمة السعوديين فقط نرجو من الجاليات عدم التدخل في شئوننا #اعفاء_وزير_الرياضه_مطلب","663":"#اعفاء_وزير_الرياضه_مطلب\nأفضل رجل وضع في مكان مناسب ورفع سمعة الكوره السعوديه حقيقه وضع الرجل المناسب في المكان المناسب","670":"اعفى مسئول بعد ما شاف خطأه لحاله ..\nوتارك مسئول بعد ما شاف خطأه 172 مليون ..\n\n@KingSalman\n@AbdulazizTF\n\n#اللوبي_الازرق_يعبث_برياضتنا \n#اعفاء_وزير_الرياضة_مطلب twitter.com\/gsaksa\/status\/… https:\/\/t.co\/Yirixqz9fJ","682":"#اعفاء_وزير_الرياضه_مطلب\nليه سلامات رجل خلوق يتعامل باحتراف.....اها نسيت عشان انهزم الحكم بصراحة هناك ظلم في ركلة الجزاء لكن ماتستاهلون الخامس على مستواكم البارح والاتحاد المتوقع هبوطه قدم مستوى افضل من النصر وركلة الجزاء صحيحة","688":"والله ان بعض الناس مرضى ، هذا الوزير الخلوق صرتوا تحاربونه من اجل تعصب رياضي ؟ \n #اعفاء_وزير_الرياضة_مطلب","25":"التقييم احد خطوات التطور ..\nلكن وزيرنا الموقر @AbdulazizTF يرفض\nتقييم الاداء بقوله ( غير موجود ) فكيف سيطور رياضتنا بدون اعتراف بتكرار الاخطاء حتى بات كل الشارع الرياضي يراها باتجاه العمد الا هو ..\n\nمولاي رؤيتنا في خطر @KingSalman\nومخرجات الظلم خطيرة جدا\n\n#اعفاء_وزير_الرياضة_مطلب https:\/\/t.co\/3gmVNX7jgO","28":"#اعفاء_وزير_الرياضه_مطلب\nمن يسكت على المهازل هذي وهو بأعلى هرم رياضي عليه ان يستقيل قبل ان يُقال\nلن نسكت حتى لو حذفت الترند https:\/\/t.co\/tjg3edhHX3","59":"#اعفاء_وزير_الرياضه_مطلب\nهاتوا لي مباراة واحدة خسر فيها النصر ولم يطالبوا بتغيير المسئولين \nعن الرياضة اي انحطاط وصل إليه \nالاعلام القرنبعي","78":"اعفائهم ومحاكمتهم وعلى رأسهم وزيرهم\nولن ينجو أحد بإذن الله على قول سيدي ولي العهد\n#اعفاء_وزير_الرياضه_مطلب","87":"خلاص وضحت يافقراويه مجرد صياح وتنفيس \n\nطيب صيحو قبل الخساره ع الوزير عشان نصدقكم ولا خلوها ع وزير واحد مو كل ماجاء وزير واذا خسرتو مباراة تصيحون وتكذبون \n\nمن فيصل بن فهد الله يرحمه الى عبدالعزيز بن تركي الله يحفظه ومرورا بجميع الرؤساء وهم يشككون ويصيحون 😅#اعفاء_وزير_الرياضه_مطلب","104":"#اعفاء_وزير_الرياضة_مطلب\nالصورة تكفي عن مليون سطر\n\nلم تكن الرياضة السعودية بهذا المستوى المتدني من قبل\n\nلم تتدهور الرياضه الا بعد قدوم هذا الوزير الفاشل\n\nاذا كان عنده ذره من حياء يقدم استقالته ليفتح المجال للغيورين على سمعة الوطن ورياضته https:\/\/t.co\/39t5Dsxbsw","112":"#اعفاء_وزير_الرياضه_مطلب\nمن وسم هذا الهاشتاق قليل أدب وسمو الوزير مُعين بأمر ملكي من خادم الحرمين الشريفين حفظه الله ومحل الثقة وهو يقدم عملاً نوعياً مواكباً لرؤية 2030\nماهذا العبث؟!!","123":"والله حرام هذا وزير الرياضة المنصب اكبر منة هلالي متعصب المفروض وزير الرياضة رجل ينشد العدل والمساواة\n#اعفاء_وزير_الرياضه_مطلب","130":"شكرا لكل مجهودات الهيئة في القضاء على الفساد المالي ..\n\nنتمنى منكم البدء بالقضاء على الفساد الاداري والذي يعد اكثر ضررا على المواطن والذي يعيق مسيرة التقدم ..\n\nوزارة الرياضة واتحاد القدم خير دليل ..\n\n@KingSalman\n@nazaha_gov_sa\n@AbdulazizTF\n@Yalmisehal\n\n#اعفاء_وزير_الرياضة_مطلب","135":"بالطبع اعفاء اي شخص لا يتسم بالعداله ،\nعندما تدار الرياضه بالاهواء وبقرارات متباينه ، فيجب على المسؤول المتعصب ان يجلس بييته ويترك العمل لمن هو اكفأ منه  ، فمن يفعل ويقبل هذا العبث على الملأ وامام ملايين المشاهدين بدون تانيب ضمير فما هو فاعل بالخفاء ؟\n\n #اعفاء_وزير_الرياضه_مطلب","141":"#اعفاء_وزير_الرياضه_مطلب\nالمهازل التحكيمية ضد النصر متعودين عليها من زمان لكن بهذا الشكل غير طبيعي وغير مألوف .\n#السؤال\nهل التفنن والتعمد بالاضرار بالنصر يعتبر مطلب يبعث الفرح والسرور لبعض من أؤتمنو على رياضتنا ؟؟","155":"#اعفاء_وزير_الرياضه_مطلب\nالمشجع النصراوي يطالب بابعاده والمشجع الهلالي يستميت في الدفاع عنه لو لم يكن الهلال مستفيدا من وجوده لما استماتوا في الدفاع عنه وهذا مايؤكد صدق ما ادعاه النصرويين بان الوزير الحالي يحابي الهلال لانه  احد مشجعيه المتعصبين ولذلك يجب تنحيته من منصبه فورا🙏 https:\/\/t.co\/UBg9Bc9Msi","173":"#اعفاء_وزير_الرياضه_مطلب \nليس مطلب بل واجب ويجب أن يقال ويطرد \nمانبي نرجع لأيام الخطط المهروسه","174":"اين العبدالله اطالب الملك سلمان بتحقق مع هاذا الوزير الفاشل كله الوبي الازرق.. #اعفاء_وزير_الرياضة_مطلب https:\/\/t.co\/zVrcVHx7Ef","182":"بعد المهزله الي حصلت في مباراة النصر و الهلال ومحابات المدلل وتسفيه دوري يحمل اسم رجل عظيم نطالب بطرد الوزير #اعفاء_وزير_الرياضه_مطلب","197":"#اعفاء_وزير_الرياضة_مطلب\nلم يقدم مايشفع له ان يكون وزير رياضه مكانه رالي حايل","203":"اسال الله العظيم ان ياخذ حقنا من المسحل ووزير الرياضه وان يشفى صدورنا منهم ظلمو ولم يرعو حق الله في امانتهم #اعفاء_وزير_الرياضه_مطلب","204":"#اعفاء_وزير_الرياضه_مطلب\n\nنحن كجماهير رياضيه نطالب سيدي ولي العهد بإعفاء وزير الرياضه لان الفساد منتشر في مفاصل وزارة الرياضه وأغلبهم سواءاً كانوا أعضاء أو موظفين منتمين لفريق واحد فقط وهدفهم إرضاء وإتباع ميولهم لفريق الدلال على حساب بقية الأندية وحساب قيمة وسمعة الكرة السعودية. https:\/\/t.co\/iJ6ponrwI9","205":"#اعفاء_وزير_الرياضه_مطلب\nعبدالعزيز بن تركي الفيصل اسمه ومنصبه ومكانته أكبر من نادي النصر وجمهوره من أنتم ياجماهير السلق مدري الفقر حتى تطالبون في اعفاء قامه رياضية لها احترامها وتقديرها ! كل ماهزمكم الهلال قمتو تصايحون على مسؤول ياخي فريقكم فريق شوارع وبينه وبين الهلال سنه ضوئية.","208":"#اعفاء_وزير_الرياضه_مطلب\nرئيس الهيئه لن يسكت عن المهزله .. راح نشوف القرارات والعقوبات في الايام الجايه .. نثق في سمو الامير ❤️❤️ https:\/\/t.co\/oNXJ5r1G0A","218":"#اعفاء_وزير_الرياضة_مطلب\n#وزير_الرياضه_فخر_الوطن \n\nعلى فكرة\nالمطالبة بإعفاء وزير هو تدخل في شؤون الحُكْم.\nأنتم حدكم تتطالبون بإعفاء رئيس لجنة\n\nالملك حفظه الله الذي هو رئيس مجلس الوزراء أدرى بمن هو الأصلح لكرسي الوزارة.\n\nاستحوا على وجيهكم وخلوكم في ناديكم.\n#تدل_دربها","222":"#اعفاء_وزير_الرياضه_مطلب\n\nايه تبون واحد يفصل الدوري لكم مثل لوئ السبيعي وأحمد عيد \n\nمن كثر فسادهم لا يطيقون العدل","224":"#اعفاء_وزير_الرياضه_مطلب\nفكونا منه يرحم والديكم وخلوه يروح لمدرج فريقه  اذا لايستطيع العدل","227":"وزير الرياضة لم يقدم ما يساهم في تطوير الرياضة والمنافسة بين الاندية .\nواصبح #اعفاء_وزير_الرياضة_مطلب\n\n#انقذ_دورينا_يامحمد_سلمان","231":"#اعفاء_وزير_الرياضه_مطلب\nاي والله مطلب .\nاذا كان يرى رياضتنا في انحدار ودورينا الذي يحمل اغلى اسم علينا الجيران في الخليج نازلة علينا كلام وتتكلم عن فساد وهو ساكت مايضرب بيد من حديد .","238":"كذبت \nلا نحن منكم ولا انتم منا \nانتم لصوص سرقتوا الأرض ومن عليها ومافيها.. استعبدتوا شعب كامل لتكبر كروشكم بأموال حرام \n#اعفاء_وزير_الرياضه_مطلب واعفاء #آل_سعود جميعهم حق وواجب ومطلب https:\/\/t.co\/BOpJSPJR7k","244":"#اعفاء_وزير_الرياضه_مطلب\nالنصرواي اللي عايش دور المظلومية لأن مايكون ما لعب الديربي هو نفسه النصرواي اللي كان مؤيد لإستمرار الدوري في غياب معظم لاعبين الهلال لتواجدهم مع المنتخب تناقظ عجيب🤯.","263":"تم حذف هشتاق اعفاء المتعصب وزير الرياضه\nجمهور المملكه مازال يطالب باعفاء الوزير\n\n #اعفاء_وزير_الرياضه_مطلب","268":"وزير فاشل بما تعنيه الكلمه لم يضيف للرياضه السعوديه اي شي \n\nوزير وضع لخدمة ميوله الازرق \n\nوزير حده سباق سيارات مهو كفو لخدمة الرياضه بشكل عام \n\nواخيرا حسبي الله عليه وعلى كل ظالم ب هيئة الفساد للرياضه \n #اعفاء_وزير_الرياضه_مطلب https:\/\/t.co\/wPvRSzoFaz","276":"#اعفاء_وزير_الرياضه_مطلب صحيح ولكن جلب طاقية ٱخر لن يفيد الرياضة السعودية تحتاج الى خلع العضو الفاسد التخدير لن يغير الحال","279":"هل المسحل باستطاعتة تقديم الانجازات والله لاشي يذكر بل حصر الرياضة لنادي الهلال فقط ووزير الرياضة وكان اي شي عادي لذلك لابد من  #اعفاء_وزير_الرياضه_مطلب","290":"وزير الرياضه ما يشوف اتوقع يا إما مسحور او عنده عمى ألوان 😉🌹💛💙\n\n#إعفاء_وزير_الرياضة_مطلب\n https:\/\/t.co\/AE6AdVFVwA","305":"الاتحاد السعودي لكرة القدم يعاني من سنوات طويلة من جماعة الضغط الهلالية \nلأن هذه الجماعة لديها قناعة و عقيدة أن تنتشر داخل هذا الاتحاد لتحقيق المصالح لنادي الهلال بعيد كليًا عن مصلحة الكرة السعودية .  \n\n#النصر_الهلال \n#اعفاء_وزير_الرياضه_مطلب","312":"#اعفاء_وزير_الرياضة_مطلب \n\nللأسف شخص يعمل لخدمة نادي واحد فقط \nيجب تغييرة من قيادتنا الرشيدة 👎","323":"نريد رئيساً يحل ضيفاً على وزير الرياضة\nلحل فضائح التحكيم وليس ضيفاً لبرنامج رياضي ..\n\n@AbdulazizTF\n@AlsuwaiketS\n@SSuwailm\n@TurkiAlajmah\n@korarotana\n\n#اعفاء_وزير_الرياضة_مطلب\n#عودة_السويلم_مطلب\n#فساد_اتحاد_الكره_السعودي5 twitter.com\/AlNassrFC\/stat…","325":"اتمنى يتحقق معه زي ما تحقق مع غيره قبل اعفاءه. هو حلف على كتاب الله قدام الملك والعبث بالرياضه السعوديه لازال قائم  #اعفاء_وزير_الرياضه_مطلب","326":"نطالب بإعفااءه من منصبه لانه غير جدير بالمنصب الذي ؤكل له  #اعفاء_وزير_الرياضه_مطلب","333":"الرياضه متنفس الشباب وهذا الأمير لايعامل الأنديه بالعدل والمساواة مائل لناديه وهو عضو شرف وإقالته مطلب  #اعفاء_وزير_الرياضه_مطلب","357":"خلاص تعبنا من الفكر الرياضي تبعنا ولافي اي انجاز يخسب لذلك نطالب ب  #اعفاء_وزير_الرياضه_مطلب","363":"#اعفاء_وزير_الرياضه_مطلب\n\nبالله واحد بهذه السماجه وهذه الحركات الغريبه على مجتمعنا يصير وزير !؟!\n😂😂😂\nلاحول ولا قوة الا بالله ،، https:\/\/t.co\/YBzEYPfQK3","386":"#اعفاء_وزير_الرياضه_مطلب. لن يوقف العبث الحاصل في الرياضه  ألى. أمير الشباب. ولي العهد ألامين. نتمنا أن يغير المشجع  وزير الرياضه","400":"مايحدث في الرياضه يحتاج الي ايقاف العبث والفساد العلني لذا ف #اعفاء_وزير_الرياضه_مطلب","406":"عزيزي النصراوي لا تتساءل عن #من_اوقف_مايكون \nولا تطالب بـ #اعفاء_وزير_الرياضة_مطلب \nمشكلتك مع القوة الضاربة للكتيبة الزرقاء \nناديك متواضع جدا والفارق كما قال عمك #سامي_الجابر سنة ضوئية https:\/\/t.co\/fqBQUoOKmR","459":"#اعفاء_وزير_الرياضه_مطلب\nلا اعتقد ان الوزير بحكم وظيفته يتدخل من اجل تعديل نتيجة مباراة حتى وان كان يميل لفريق دون اخر  كالهلال مثلا وان كان في يوم من الايام مسئول فيه فهو الان بمثابة رئيس لكل الاندية السعودية دون استثناء واذا لم يكن كذلك فيمكن المطالبة باعفائه فنحن -","470":"الى هيئة الرقابة ومكافحة الفساد ..\n\nهناك ٣ موظفين تحديدا لهم اكثر من ١٠ سنوات في لجنة الحكام رغم سوء مخرجاتها وادائها ..\nهذا فساد اداري والادلة كثر ..\n\n@KingSalman\n@AbdulazizTF\n@Yalmisehal\n@nazaha_gov_sa\n\n#اعفاء_وزير_الرياضة_مطلب https:\/\/t.co\/1v7mEzqdyo","475":"#اعفاء_وزير_الرياضه_مطلب\nالعام الماضي منع النصر العب في الرياض وتم نقل المبارة والسنه هذي منع مايكون من اللعب في مبارة الهلال !! ايش العبث الي جالس يصير في رياضتنا والمشكله ما في أي إجابه من المسؤلين !!! https:\/\/t.co\/BKOKJbHfqS","476":"بُكائيات صغير الرياض لا تنتهي \n فشلوا فالملعب وفشلوا فالمدرج وفشلوا فالباصات \n \n الايام اثبتت بإن هذا الفريق لا يستطيع تحقيق اي انجاز دون مساعده \n لا يستطيعون الا شراء الجاليات \n\n#الفشل_ماركه_صفراء \n\n #اعفاء_وزير_الرياضه_مطلب","479":"#اعفاء_وزير_الرياضه_مطلب\n\nلو كان النصر يشرف محليآ واقليميا وقاريآ\nلصدقنا أنه يتعرض لظلم \nلكن يصرخون محليآ ويصمتون خارجيآ\nلذلك الكل يعلم أن بطولتهم الفوز على الهلال وهدفهم تدميره لينعموا بالراحه النفسيه على الأقل","488":"غردو بهدا الهشتاق فقط اما غيره مانبي نبي الوناسة برياضتنا ونطالب ب  #اعفاء_وزير_الرياضه_مطلب","497":"الفقراويه يطالبون باعفاء وزير تم تعيينه من الملك سلمان بسبب خسارة مباراة. استحو كفايه صياح  #اعفاء_وزير_الرياضه_مطلب","513":"هذا المشهد اصعب علينا من اخطاء التحكيم ..\n\nهذا لانسميه اهمال ..\nهذه خيانة ..\n\n@KingSalman\n@AbdulazizTF\n\n#اللوبي_الازرق_يعبث_برياضتنا\n#اعفاء_وزير_الرياضة_مطلب https:\/\/t.co\/lltzissHyK","531":"#اعفاء_وزير_الرياضه_مطلب\nالنصراوي ينجلد في الملعب ويصيح يبي يحط حرته في إعفاء مسؤول، وزير الرياضة سمو الأمير عبدالعزيز بن تركي الفيصل دعم جميع الأندية لكن ما ينفع فيكم.","546":"بعد موسم كارثي لاتحاد القدم @saudiFF \nكثرت الايادي المطالبة بالابعاد @gsaksa\n\n@AbdulazizTF\n@Yalmisehal\n\n#اعفاء_وزير_الرياضة_مطلب https:\/\/t.co\/3RDMZr0iFd","549":"#اعفاء_وزير_الرياضه_مطلب\nأعزائي النصراوية هدفكم الثاني في الذهاب كان غير صحيح بوجود 12 لاعب في الملعب، وقتها ما سمعناكم تتكلمون عن الظلم التحكيمي، و مباراة الإياب كرت أصفر ثاني على حمدالله لم يتلقاه بعد ضربه وجه هيون سو بالكوع و طرد مستحق له.. يعني هي لو لكم عادي و لو عليكم لا","554":"#اعفاء_وزير_الرياضة_مطلب \nاللي يشوف الفضائح هذي ويسكت عنها مايستاهل يجلس في منصبه وجمهور النصر لايلام شاف الظلم في ابشع صوره 🤚🏻 https:\/\/t.co\/vfh9OmDYp5","564":"كل هذا الظلم في الدوري  لجميع الأندية ماعدا فريقه المدلل والمحبوب له انه لابس نظاره زرقاء\nفضيحة فضيحة فضيحة الدوري السعودي كله فسااااااااد #اعفاء_وزير_الرياضه_مطلب https:\/\/t.co\/TSlIFHEkC0","578":"نحن مع دعم الهلال في بطولة اسيا ..\nلكن حينما نطالب بكشف الدعم المقدم للاندية حتى نطالب بالمساواة ..\n\nيصرح وزير الرياضة @AbdulazizTF \nان مافات قد مات ..\n\nهنا نقول #اعفاء_وزير_الرياضة_مطلب \n@KingSalman https:\/\/t.co\/JAdzgwGdDn","580":"وسط التنافس المثير على المقدمة والمؤخرة والمقاعد الاسيوية ..\n\nيقدم اتحاد الكرة اطقم مصرية موقوفة محليا وافريقيا ..\nوالاسوء تنظيميا هو عدم توحيد موعد المباريات في آخر جولتين ..\n\nموسم هو الاسوء في تاريخ الكرة السعودية\n\n@KingSalman\n@AbdulazizTF\n@Yalmisehal\n\n#اعفاء_وزير_الرياضة_مطلب https:\/\/t.co\/HYQ8IiEXD8","593":"تم حذف هاشتاق #اعفاء_وزير_الرياضه_مطلب من الترند واستبداله بكلمة #اعفاء_\nحتى لو تم قص الهاشتاق وتكميم افواه الإعلاميين والمسؤولين وأعضاء الشرف\nنحن كجماهير لن نسكت ونحن نشاهد\nهذا الفساد والظلم في رياضتنا\n#اعفاء_وزير_الرياضه_مطلب1 لرياضة نظيفة يسودها العدل والمساواة والتنافس الشريف https:\/\/t.co\/cw7Cf8aQCZ","596":"#اعفاء_وزير_الرياضه_مطلب \nلجنة التحكيم لاتعدل بين الأندية أخطأ تحكيميه تسلب الأندية حقها .","602":"#اعفاء_\n#اعفاء_وزير_الرياضة_مطلب\n#اعفاء_وزير_الرياضه_مطلب1\n\nالله يخلف على عقولكم 😂\nتصدقون المريسل وطقته، و المريسل هو المضلل الأكبر لفساد إداريين ناديكم، و بالعربي نادي النصر بلا طموح..\n\nو فريقكم أمس لم يقدم مستوى واحمدوا ربكم ع الأربعه، ووش دخل وزير الرياضه ووين عقولكم 😂 https:\/\/t.co\/fJ0RH91r9x","628":"#اعفاء_وزير_الرياضه_مطلب\n\nالعدالة ماهي من مصلحتكم .\n\nكل الدوريات الثلاثة الخيرة التي حصل عليها النصر لم يحصل عليها بالعدالة بل بالفساد واختراق اللوائح والقفز على الأنظمة.","631":"بعد اخفاق وزير الرياضة في عمله\nومانشاهده اليوم من فساد في اهم\nالاحداث الرياضية والمتمثلة في #دوري_محمد_بن_سلمان_للمحترفين\nنتمنى ان يستلم وزير الثقافة مهامه\n\nمولاي @KingSalman\nاصبح #اعفاء_وزير_الرياضة_مطلب شعبي\n\n@AbdulazizTF\n@BadrFAlSaud","637":"#اعفاء_وزير_الرياضه_مطلب لنا كعشاق لكورتنا السعودية اما هالي يحطون هشتاقات وتشتيت ورعان ذي على الكلاب فقط ، اما حنا كموطنين يهمنا مصلحة كورتنا وعدم ظلم انديتنا https:\/\/t.co\/PYVPSne8Gp","641":"#اعفاء_وزير_الرياضه_مطلب يعني يالنصراويه لازم تفوزون او اذا خسرتوا طالبتوا بإعفاء وزير الرياضه على كذا ماانتهينا طول العام كذا مطالبات 😆 https:\/\/t.co\/Ix5B1LupUq","644":"كفوووو والله واذا لم تحق الموسم القادم ولا بطولة لكانت هذه كفايه وصفعه قووية \n👍💛💙\n#وش_ناوين_في_التوثيق \n#اعفاء_المسحل_مطلب٢ \n#اعفاء_وزير_الرياضة_مطلب twitter.com\/musalli9\/statu…","664":"دوري هذا الموسم نقطة سوداء في تاريخكم ..\n\nالسؤال : لماذا ترضى بها ..!!؟\n\n@AbdulazizTF\n\n#اعفاء_وزير_الرياضة_مطلب https:\/\/t.co\/jXmzBY41U7","681":"#اعفاء_وزير_الرياضه_مطلب\nعليه أن يرحل دامة لايستطيع مواجه اللوبي الازرق\nسرطان الرياضه السعودية","685":"#اعفاء_وزير_الرياضه_مطلب نحتاج إلى اتحاد سعودي بأعضاء أجانب أصحاب خبرة وذو شخصيات مستقلة بعد أن ثبت فشل رؤساء الإتحاد قدرتهم على العدل بين الأندية","687":"قلناها قبل ..\nواليوم بعد فشلهم في استضافة #الألعاب_الآسيوية_2030\n\nنرجع ونقولها ( لن نصل معهم ) ..\n@KingSalman\n@AbdulazizTF\n@Yalmisehal\n\n#اعفاء_وزير_الرياضة_مطلب twitter.com\/rmnafma\/status…","705":"#اعفاء_وزير_الرياضة_مطلب @AbdulazizTF  عندي لك سياره تسابق فيها بس ضف وجهك بالي م يردك ي بزر قريح مشكله المبزره مسك منصب ومتعصب لفريقه استقل وشجع ناديك بلمدرجات ي زعيقي","706":"#اعفاء_وزير_الرياضة_مطلب  كلنا ثقه بولي العهد حفظه الله بايقاف الفساد في الرياضه كل الاندية تتعرض لظلم الا نادي الهلال كل شيء مسير لخدمته ما يحدث أمر مخجل ومعيب ويسيء لرياضة المملكة اعفاء وزير الرياضه مطلب","2":"كل ما أحلم بغدٍ مشرق ..\nواقول #همة_حتى_القمه\nرشاش الماء يصحيني ..\n\nصباحكم بحجم احلامكم\n@AbdulazizTF\n\n#اعفاء_وزير_الرياضة_مطلب https:\/\/t.co\/EIjhyAILcb","3":"#اعفاء_وزير_الرياضه_مطلب\n\nالأب هو قلب ابنته النابض حتى وان توفي💔💔😭\n\nالله يرحم أموات المسلمين💔😭 https:\/\/t.co\/lLglm3tacr","4":"#اعفاء_وزير_الرياضه_مطلب\n\nيبحثون العدالة وهم أول من نحر عدالة الموسم الماضي.\nيبحثون عن العدالة وهم أعداؤها.","8":"عدد سكان الشرق الاوسط 690 مليون نسمة ..\nواكبر حدث رياضي فيها كان ديربي الرياض ..\nلو ربعهم فقط شاهد هذي اللقطة ( 172 مليون ) ..\n\nترى فضيحة في حق دولة مثل #السعودية  \n\n@KingSalman\n@AbdulazizTF\n\n#اعفاء_وزير_الرياضة_مطلب https:\/\/t.co\/Alu73Akdad","18":"الكل يطلب العداله والنزاهة والي مو قد القسم الله يسهل عليه الي يخافون الله ويبحثوا عن الفرصة لنجاح رياضة بلدهم وتطورهم #اعفاء_وزير_الرياضه_مطلب","26":"#اعفاء_وزير_الرياضه_مطلب\nقمة الوجع ؛ \nان تتصفح آلصور فـَ تجد صورة لـ شخص لم تتوقع أن تفقده يوماً ما.\n\nالله يرحمك ياابوي💔 https:\/\/t.co\/Qbvsi6vXg0","40":"النصر هو النصر \nبس اللي تغير انهم صاروا يناقشون بعد المباراة 🤣\nالسنه الجايه ان شاء الله وبنوزعهم على الدوريات الاوربيه \nونرجع ل \"في احد يتابع الدوري السعودي\" \n\n#وليد_الفراج\n#اعفاء_وزير_الرياضه_مطلب","63":"#اعفاء_وزير_الرياضه_مطلب\n\nماباقي الا الجحلط 😂 تطلب 😂\nهذا يكفيه ثقه ولاه الامر فيه ويعمل \nبكل فكرواحترافيه \nوفي القريب سينقل الرياضه السعوديه\nلكي تصبح بالعالميه \nفيا قوطي انت وهو على بالكم بتاثرون \nعلى قرارات ولي الامر 😂😂😂","67":"تكفون يامسلمين قال الرسول صلى الله عليه وسلم:\n(من فرج عن أخيه المؤمن كربة من كرب الدنيا فرج الله عنه كربة من كرب يوم القيامة) التنفيذ القضائي رقم الفاتورة 2048413077    #اعفاء_وزير_الرياضه_مطلب https:\/\/t.co\/GJyHZdmfHE","71":"عندما تشعر بالفراغ.اعرف انك تحتضر ببطء.\n\nصباحكم حب ومحبة أيها الأحبة\n#اعفاء_وزير_الرياضه_مطلب","75":"#اعفاء_وزير_الرياضه_مطلب\n\nعِش حياتك بطريقتك الخاصة واختر الذي يلائم روحك فستبحث يومآ عن كل الذين عشت لأجلهم ولن تجدهم  ..\n\nعش حياتك بالنقاء ، والحب للآخرين واقبلهم كما هم ولاتظن انك محط اهتمامهم فالناس مشغوله بنفسها ومصالحها ..","81":"السؤال الذي لم نجد له جواب الى الان نقل مباراة النصر الى المجمعه؟ والسؤال الثاني من منع مايكون من المشاركه ؟ جواب يبحث عنه اصغر رياضي في مملكتنا الغاليه #اعفاء_وزير_الرياضة_مطلب","85":"ههههههههههههههههه يا عمرري يالهلال .. يعطي كل واحد حجمه و يرجعهم للوضع المعروف عنهم #اعفاء_وزير_الرياضه_مطلب","91":"#اعفاء_وزير_الرياضه_مطلب\nالدمام \nغامديه\nقبيليه متحضره\nع30جامعية\nو 59\n\/ط158\nمنفصله بدون أطفال  \nالبشره بياض عادي ناعمه شكلي اصغر من عمري اقدس الحياة الزوجية هادئة الطباع \nالمطلوب..\nجامعي متحضر وهادي ومثقف  وغير متشدد \nمستقر بالدمام او الخبر \nأعزب او متزوج","96":"#اعفاء_وزير_الرياضه_مطلب\n#ديربي_الرياض \nوتدخل الفيفاء بشكل عاجل @fifacom_ar @111_hussein @samiMuhmmad1 @iraq_nfc97 @do0do2015 @FIFAcom هذي الكوارث المتكرره كل سنه من لجان الفساد لايحل مثل هذه المشاكل غير مسؤولين كبار والمستفيد نادي واحد https:\/\/t.co\/rzzpHHGXAr","102":"عن أبي موسى الأشعري رضي الله عنه قال : \n\nقال رسول الله ﷺ : ألا أدُلُّكَ على كلمةٍ هي كَنزٌ من كُنوزِ الجنةِ ؟\n\nقلت بلى يا رسولَ اللهِ ، فداكَ أبي وأمي \n\nقال ﷺ: لا حولَ ولا قوةَ إلا باللهِ \n\n #اعفاء_وزير_الرياضه_مطلب","107":"#اعفاء_وزير_الرياضه_مطلب\n\n نحتاج ( طاقة نظيفة ) !!\n\n الكمام لا يفي بالغرض .... !! 😷😷\n والقناع قد يسقط أرضا ... !! \n   ( إلى من يهمه الأمر ) .....🌹 https:\/\/t.co\/8xBSQ7o2Ks","119":"لاتترك الشكر فتحرم الزيادة \n﴿لئن شكرتم لأزيدنكم﴾\n\nولاتترك الدعاء فتحرم الإجابة\n﴿ ادعوني استجب لكم ﴾\n\nولاتترك ذكرالله فتحرم ذكر الله لك\n﴿ فاذكروني اذكركم ﴾\n\n#اعفاء_وزير_الرياضة_مطلب","121":"اذا شفتهم يصيحون ويطالبون بالإقالات والإعفاءات اعرف انهم رجعوا وضعهم الطبيعي 😂 #اعفاء_وزير_الرياضه_مطلب","125":"#اعفاء_وزير_الرياضه_مطلب\nهل رئيتم مسؤل بهذا الشكل والغضب في تتويج فريق\nلا يناسب ميوله https:\/\/t.co\/1MnBsZwtno","129":"سابقاً كانوا يصيحون بعد المباراة.\nامّا هذه المباراة فقد صاحوا قبلها واثناءها وبعدها ولازالوا يصيحون.\nهنيأ لكم غسيل عيونكم.\n#سحبه_والا_ما_سحبه \n#اعفاء_وزير_الرياضة_مطلب \n#شخبار_الضغط","132":"بعد ماسرقو قالو جيبو الميزان ونوزعها بالعدل ..\n\n@KingSalman\n@AbdulazizTF\n@Yalmisehal\n\n#قوميز_يسي_للاهلي\n#الهلال_الاهلي \n#اعفاء_وزير_الرياضة_مطلب https:\/\/t.co\/RW3902LlYa","147":"ومانسيتك وسط الزحام والناس والحكي والضحك،لكني أحبُ أن أكون وسطهم لأني أنسى أني فقدتك،وأنك مازلتَ هناك في رُكنك ومقعدك تُمسكُ جريدتك وعدستك💔الله يرحمك يا بابا💔\n#صلاح_منديلي\n #اعفاء_وزير_الرياضه_مطلب","159":"#اعفاء_وزير_الرياضه_مطلب هياط هياط هياط ويبون ينافسون الهلال ههههه ركزوا على آسيا السنه ممكن توصلون دور الاربعه ههههه","164":"لما انجلدوا من الزعيم بعد ماانهى مهمته بنجاح في اسيا رجعوا للخطة ب الا وهو الصياح والنياح والنباح هههههههههه \n #اعفاء_وزير_الرياضه_مطلب","167":"#اعفاء_وزير_الرياضه_مطلب\nسؤال\nلو ان نتيجة أمس فوز النصر\nالهاشتاق هذا راح يطلع\nيا ناس كبروا مخكم شوي\nعجبي!!!!!!!!!!","175":"ايه نبي احمد عيد.... ولازم يجي زوران والرئيس محمد بن فيصل وقوميز لازم يروح يحترف في السودان #اعفاء_وزير_الرياضه_مطلب","177":"#اعفاء_وزير_الرياضه_مطلب صرحة الي صاير في الرياضة السعودية شي مضحك حتامحبي الكورة في العالم ضحكو خلاص وضحة وضوح الشمس فضحتونا","185":"#اعفاء_وزير_الرياضه_مطلب\nاحد اركان الجريمه والمهزله البارح\nمن حكم في حواري محايل عسير الى حكم في اهم مباريات الدوري ،،\nمن المسئول عن هذي المهازل @saudiFF https:\/\/t.co\/0ihXFFptt1","186":"رياضة وطن باسم المملكة العربية السعودية في مهب الريح\nالهلال فوق كل شي حتى\n المنتخب اهم من الهلال\nكانت تدار  في الخفاء والان على عينك ياتاجر من بعد راعي السيارات #اعفاء_وزير_الرياضه_مطلب","187":"#اعفاء_وزير_الرياضه_مطلب\nهذي المناظر هل هي من تدابير الحكم المعيوف الدوسري الشهراني مسخروكم داخل الملعب الحكم له دخل بالموضع يامسخره🤣\n#سحبه_والا_ما_سحبه https:\/\/t.co\/aVlfR062O8","189":"#اعفاء_وزير_الرياضه_مطلب\nزواج مسيارسري\nشمريه مطلقه\n عدد الأطفال لايوجد \n سكن الرياض\nعمرها 36\/ط166\/وزني68\nجسمي مخصر جميلة جدا\nالوظيفة معلمه \n طلبها زواج مسيار \nسعودي او مقيم \nبدون مهر شرط الجديه\nبدون انجاب","190":"ليش الفار ما رجع لها ؟\nليش المخرج لم يعد اللقطه ؟\n#اعفاء_وزير_الرياضة_مطلب \n@AbdulazizTF انت وزارة البيئة مكانك twitter.com\/sport_jazirah\/…","211":"الذهب غداً الجمعة على موعد من اخبار اقتصادية قوية جدا من امريكا، تعرف هذه الاخبار وتوقيتها بالضبط و توقعات تأثيرها على الذهب \nprice-today.com\/%d9%87%d8%b0%d…\n#اعفاء_وزير_الرياضة_مطلب #سحبه_والا_ما_سحبه #GOLD https:\/\/t.co\/dpqn7WHmZw","212":"اللهم ارزقنا عفوك وعافيتك ومغفرتك ورضاك ورحمتك ورزقك\nاللهم اجعل هذه الأيام تمر ولا تضر ، واكفنا شر الأوبئة والامراض والأسقام واحفظنا فأنت خير الحافظين\n #اعفاء_وزير_الرياضه_مطلب","213":"#اعفاء_وزير_الرياضه_مطلب\nخروج مثل هالهاشتاقات دخيل على مجتمعناوترفضه قناعاتنا وحبنا لوطننا وثقتنا في ولاة أمرنا وأختياراتهم للمسئولين\nوما يجعلنا ثقة أن ذلك التوجه مرفوض هو أننا شبه متأكدين أن مصدر تلك القناعات بل التوجهات الدخيلةوالخطيرةوتبنيها هم أعداء #السعودية_العظمى في الخارج","230":"#اعفاء_وزير_الرياضه_مطلب احفظ حلالك من الي عن الناس مغنيك*****الـلــي الــيا بـان الخـلـل فــية يرفـــاك \nو https:\/\/t.co\/OdCNAg0i2C","240":"إذا مرّرتُم مِن هُنا، { صلوا على النبي مُحمد ﷺ }\n\n #اعفاء_وزير_الرياضه_مطلب","252":"#اعفاء_وزير_الرياضه_مطلب القسم ومادراك مالقسم نتمنى انه يكون صحيح مالك في اللي يصير في الدوري شئ","260":"الدولة العميقة الرياضية والتي تأسست وتشكلت بشكل غير رسمي منذ عقود عبر تقديم وتمكين كل من يحمل الملف الأزرق وتتحكم بمفاصل القرار الرياضي والاعلامي لتحقيق أهداف لونهم الموحد .. \nتستدعي تدخل سياسي \n #اعفاء_وزير_الرياضه_مطلب \n#اعفاء_وزير_الرياضه_مطلب1 https:\/\/t.co\/JTUvavf2FA","264":"#اعفاء_وزير_الرياضة_مطلب\n#امونيا_حزب_الله_تحرق_بيروت\nماهو وجه الشبه بين:\n- حزب الشيطان في لبنان\n-ونادي الهلال في السعوديه","273":"وش سواء وزير الرياضه الي مهزوم هذا مستواه والفايز برضوه هذا مستواه #اعفاء_وزير_الرياضه_مطلب","275":"#اعفاء_وزير_الرياضه_مطلب\nحل  مشكلة الهلال المستعصيه بكثرة البطولات\n {{ الرجل الخفي }}\nهو ان يوضع له دوري وكاس خااااص  وبقية الانديه دوري اخر","286":"كل هذا تاغ عشان هلال فاز و نصر خسرو   خلاص دوري هلالي 💙💙💙 #اعفاء_وزير_الرياضه_مطلب","303":"الأخطاء التحكيمية جزء من اللعبة زي مايقولون .لاكن لاحظت ان أكثر فريق يستفيد من أخطاء الحكام نادي الهلال .  هل ممكن يكون حظ أو فيه شي ثاني ؟!  #اعفاء_وزير_الرياضه_مطلب","307":"أللهم في هاذي الليلة الكريمة المباركة أن تنصرنا على كل ظالم ومسؤول خان الأمانة  #اعفاء_وزير_الرياضه_مطلب","313":"ما تحتاجه الرياضة في مملكتنا الحبيبة هو ما تحتاجة اي وزارة وهو الأمانة فقط.\n#اعفاء_وزير_الرياضه_مطلب","321":"#اعفاء_وزير_الرياضة_مطلب \nعشاق النصر فريقهم يزخر بالنجوم الفيله وعملية الاستقطاب لا تزال تتسارع ومع ذلك فريقهم ((الملياري)) سقط سقطه مخيفه وهوى بالاربعه،،،،،\nطيب يطالبون بابعاد الوزير،،\nلكن الاتحاديين يتناحرون ومشتتين مع العلم انهم هم الاولى بالمطالبه بسبب سكوت العيئه عما يحدث ، https:\/\/t.co\/nwz0s8GiRs","327":"#اعفاء_وزير_الرياضة_مطلب    ولأن ظلمتني وأردت اخضاعي فلا تحلم به \nانا هكذا ولدت حر وسأعيش ثائرا لمماتي","337":"#اعفاء_وزير_الرياضه_مطلب \n\n🔴 *إن أهداك الزمن قلبًا أصيلاً، وفيًّا ذو معدنٍ نفيس، اختبرته مرَّات عدَّة ولم يخيَّبك بل كان دومًا عند حسن ظنَّك؛ فحافظ عليه جيدًا فإن أمثالهُ نادرون، وإن صُحبة الطيَّبين لا يُكرمها ولا يُقدِّرها إلا الطيّبون أمثالهم..*!!.\n💙💙 https:\/\/t.co\/FESnC16XGK","345":"في جولة مجموعة العشرين ..\nدورينا راح ( شربا ) ..\n\n@AbdulazizTF\n@Yalmisehal\n\n#محمد_بن_سلمان\n#إعفاء_المسحل_مطلب\n#اعفاء_وزير_الرياضة_مطلب","346":"يا رئيس لجنة الحكام \nتجيب حكام يخلوني افوز او بنطردك زي ماطردنا كلاتنبيرغ 😂😂\n\n#اعفاء_وزير_الرياضه_مطلب \n#الدلاك_سوسه_الرياضه","355":"#اعفاء_وزير_الرياضة_مطلب \nياويله من الله ان كان يعلم او موافق بماحدث بمباراة النصر\n والهلال ونقول حسبنا الله ونعم الوكيل\n ونذكره بقول الله تعالى https:\/\/t.co\/MqOBoKgl9f","362":"#اعفاء_وزير_الرياضه_مطلب\nيبون يعفون وزير الرياضة عشان #سحبه_والا_ما_سحبه فقدوا عقولهم 😂\n\nلاكن هذا الإختلال العقلي و الصياح ليس سببه الأربعات والخمسات قدهم متعودين عليها من الهلال\n\nهذي تداعيات ليلة 24 نوفمبر الساحقة مالها علاج ابد 💔 https:\/\/t.co\/JxE0OJHCPH","369":"همسه الى مدمنين كرة القدم. نحن نحبكم ولكن لا تفرضوا هواياتكم علينا فتصبح اصواتكم اعلى من صوت افكارنا اللتي لا نستطيع احيانا سماعها.!! #اعفاء_وزير_الرياضه_مطلب","379":"قال ابن الجوزي رحمه الله:\n\n(طوبى لمَن بادر عمره القصير،\n\nفعمَّر به دار المصير،\n\nوتهيأ لحساب الناقد البصير،\n\nقبل فوات القدرة وإعراض النصير)\n\n#اعفاء_وزير_الرياضه_مطلب \n#المهزلة_الاستثنائية","382":"أريا ستارك افضل شخصية حبيتها بمسلسل #قيم_اوف_ثرونز  قاتلة ملك الموت  ..🥺🔥\n.\n#اعفاء_وزير_الرياضة_مطلب https:\/\/t.co\/A6AleqPaC7","403":"تعــاني من سرعــة القــــذف\n\nتعانـــي من ضعـف انتصــاب \n\nمدة الجماع قلـــــيله\n\nاليك الحل مع بخاخ القرش  الالماني\n\n#اعفاء_وزير_الرياضه_مطلبًًًً\n\nلتواصل اضغط في تعليق الاول https:\/\/t.co\/RYk61HScHs","414":"#اعفاء_وزير_الرياضة_مطلب\nالعدل مفقود والميول تتحكم ! ازرق القلب والهوى. فكيف تنشد الاندية عدلا او حق .","422":"#اعفاء_وزير_الرياضه_مطلب\nوالله مشكله لو كل هزيمة للفقررر فيها اعفاء عز الله كدينا خير !!؟؟؟؟ 😂😂😂🤪","440":"#اعفاء تحول الهاشتاق وكان #اعفاء_وزير_الرياضة_مطلب الذباب الالكتروني خرب تويتر لابوكم لابو كلب لابو من جمعكم","441":"ارى في حديث ياسر المسحل عن حكم الديربي وقرار ابعاده #تناقض عجيب ..\n\n@KingSalman\n@AbdulazizTF\n\n#اعفاء_وزير_الرياضة_مطلب https:\/\/t.co\/jwD9BV22Rh","446":"كان المفروض هدف خامس ، تحكيم ظلم الزعيم كذالك كرت اصفر ثاني و طرد لحمدالله بعد ضرب المدافع الكوري بالكوع للأسف كانت النتيجة للزعيم ستكون تاريخية بس الحكم خربها💔. \n\n #اعفاء_وزير_الرياضه_مطلب https:\/\/t.co\/nV4ClclHZk","457":"دوري كله وباء ..\nوباء في المستويات والتنظيم والتحكيم ..\n\n@KingSalman\n@AbdulazizTF\n@Yalmisehal\n\n#اعفاء_وزير_الرياضة_مطلب","461":"SAR 136.98  39%OFF | فساتين سهرة مقاس كبير طويلة من أي وقت مضى جميلة EP07394 أنيقة متألقة حورية البحر على شكل حرف v المخملية كم طويل أسود فساتين الضيوف الزفاف\ns.click.aliexpress.com\/e\/_dTC5Kq9\n#\n#عبدالاله_المدني_اخرس\n#اعفاء_وزير_الرياضه_مطلب","484":"من اوقف مايكون ؟\nمن اختار الحكم الفرنسي ؟ \nليه الحكم مايرجع للفار في الاخطاء اللي ضد الهلال ويرجع للي ضد النصر ؟\n#اعفاء_وزير_الرياضة_مطلب twitter.com\/ariyadhiah\/sta…","485":"كميه صياح وازعاج تحت الهاشتاق \nمسوين مستغربين ترى هذا فريقكم 12 مره يدعسكم الزعيم مو جديد\n\n#اعفاء_وزير_الرياضه_مطلب","498":"املنا في الله ثم في سمو سيدي ولي العهد ان ينظر الى الفساد القائم في رياضتنا فهو من بدا باجتثاث الفساد  #اعفاء_وزير_الرياضه_مطلب","499":"يصيحون على الحكم ويصيحون على لجنة المنشطات وعلى وزير الرياضه مو منكم من الاربعه ياجمهور ابو صياح  #اعفاء_وزير_الرياضه_مطلب","500":"🤣🤣🤣🤣🤣🤣\nيانفوز\nيانخرب\nحتى وزير الرياضه ماسلم من مشاكلهم 🤭🤭\nإذا فازو قالو دق خشوم وإذا انهزموا قالوا علينا مؤامرة 😡\nتعدوا مرحلة الغباء والدلاخه #اعفاء_وزير_الرياضه_مطلب","503":"جنوبيه \nعمري٢٣\nوطولي١٥١\nوزني٤٥\nبشرتي حنطي فاتح \nجسمي رشيق ومخصر وطبيعتي دلوعه ملامح طفوليه\nساكنه ب الرياض \nخريجه علم نفس \n متفتح ودخله ممتاز لا يقل عمره عن ٢٨م عندي مشكله متزوج اذا بستقر معه بلحالي يكون ساكن ب الرياض \nمعلن و زواج مختصر  ومهر ميسور\n#اعفاء_وزير_الرياضه_مطلب","518":"وزيرا جاء بسرعة سيارات السباق فاصطدم بجدار الحقيقة ثم تبعثرت اوراق النظام بعد وفاة الجماهير خلف اسوار الظلم فما لنا الا اصلاح نظام الطرد المركزي في هذا الواقع المؤلم ..\n\n@KingSalman\n@AbdulazizTF\n@Yalmisehal\n\n#النصر_العدالة\n#اعفاء_وزير_الرياضة_مطلب https:\/\/t.co\/CKLs1vA0hA","520":"🎵ياسيدي يامظلوم من الي ظلم 🎶🎵 \n\n#سحبه_والا_ما_سحبه  الا وعلى النغم  🎶  🏃🏻 🏃🏻 🥴 🤣🤣🤣🤣\n #اعفاء_وزير_الرياضه_مطلب https:\/\/t.co\/zuA4JVxE4o","523":"#اعفاء_وزير_الرياضه_مطلب\nنطالب نطالب ازعجتونا اشتغلوا عل أمور النادي خلو عنكم المطالبات والكلام الفاضي\nجب لعيبه صح  وين ابو الطموح","530":"#اعفاء_وزير_الرياضه_مطلب كلما لعب الزعيم بحسبتهم صاحوا وطالبوا بالتغير والتغير 🤣🤣🤣 اختصرها سامي بهل كلام https:\/\/t.co\/1y4wEFXN74","535":"#اعفاء_وزير_الرياضه_مطلب\nالجزاء الثاني ل اسقاط النصر من قبل لجنة التحكيم تعيين تركي الخضير ل\nالنصر والقادسيه !! https:\/\/t.co\/QJvu8jhJCJ","541":"موظفين @gsaksa هم أكثر من يخوفني على مستقبل الوزارة ..\n\n@KingSalman\n@AbdulazizTF\n\n#النصر_العدالة\n#اعفاء_وزير_الرياضة_مطلب https:\/\/t.co\/zWRxEecPsL","548":"في #اليوم_العالمي_للعمل_الانساني \nاتمنى تسوون خير في ٣٥ مليون سعودي\nوتتركو الرياضة وترحلو ..\nوالله نسامحكم يوم القيامة على هذا العمل ..\n\n@KingSalman\n@AbdulazizTF\n@Yalmisehal\n\n#النصر_التعاون \n#اعفاء_وزير_الرياضة_مطلب https:\/\/t.co\/Id852bfdGK","575":"#اعفاء_وزير_الرياضه_مطلب\n\nعندما تساوت الفرص با استقرار ادراي وفني والانتهاء من المهمه الاسيويه عاد #العالمي_الزعيم يربي الوضيع https:\/\/t.co\/AiJqxB2Uey","576":"اليوم قبل باكررر مهازل وفضياح ع المكشوف دون حسيب او رقيب غير كذا قسم بالله امام خادم الحرمين ان يكون صاحب أمانه #اعفاء_وزير_الرياضه_مطلب","577":"لاصحاب الفرص\n\nارض في مكه\nمساحه 30الف متر\n10دقايق من الحرم\nبالقرب من الجمرات\nحي الغساله\n\nانا+٢للوكيل. ام راضي \n\n#اعفاء_وزير_الرياضه_مطلب","584":"#اعفاء_وزير_الرياضه_مطلب\nالجحود سمة نصراوية بامتياز\nانتشلوهم من الهبوط اكثر من موسم وسددوا عنهم ديونهم وخلوهم يسجلون لاعبين خارج النظام غير الفزعات اللي يمين ويسار ولا زالوا يتباكون ..\nاخوي النصراوي انت ناسي نفسك ؟\nانت يادوب الثامن التاسع 😂","589":"#اعفاء_وزير_الرياضه_مطلب\nلن يرضى النصراويه عن أي حكم حتى يفوزوا على الهلال ولو كان الحكم. المريسل","599":"تركي ال شيخ رغم تعصبه للهلال واعترافه الا انه كان مهتم لسمعه الدوري اهم من اي شي ثاني لكن حبيبنا الفا _ _  @AbdulazizTF مو مهتم الا لسمعه الازرق !\n#اعفاء_وزير_الرياضة_مطلب","601":"#اعفاء_وزير_الرياضه_مطلب\nونحن نعيش في عهد محاربة الفساد هل مايحدث في رياضتنا من سوء تحكيم جزء من الفساد ؟؟؟","605":"جمهور العالمي لايثنيكم هذا الطبل @waleedalfarraj عن مطالبكم في اسقاط @Yalmisehal و @AbdulazizTF ولازلنا نردد #اعفاء_وزير_الرياضة_مطلب \n\n #وليد_الفراج","606":"هذا الفرق بين بطل اسيا وصغير الرياض الذي اعادهم لوضعهم الطبيعي هم يعلمون انهم اقل من انهم ينافسوا سيد اسيا ولكن الوهم  اجبرهم على الصراخ والأزعاج ! \n\n   #اعفاء_وزير_الرياضه_مطلب","619":"وزير الرياضة مره وحده؟!!\nقولوا المدرب ولا اللعيبه اللي مدري شلون يلعبون 😅\nتهزيتوا بالهلال وبلاكم الله 🌚😂 #اعفاء_وزير_الرياضه_مطلب","629":"لا اعرف سبب وجود لاعب ك يحيى\nالشهري لحد الان في نادي ك النصر!! #اعفاء_وزير_الرياضه_مطلب","642":"شركة تنظيف مكيفات بالرياض \nاقل سعر لتنظيف المكيف بالرياض  ٤٥ريال💥 للمكيف الواحد اذا العدد اكثر من ٦مكيفات تنظيف الوحدات الداخليه والخارجية وتشيك على مجرى الصرف\n#اعفاء_وزير_الرياضه_مطلب https:\/\/t.co\/5p1dXqA8R8","649":"أليس فالنصر رجُلً رشيد !! من يقدر يصدح بالحق وامام الملا ..  #اعفاء_وزير_الرياضه_مطلب","650":"#اعفاء_وزير_الرياضه_مطلب #النصر #الهلال \nجمهور النصر ٥%منه عاقل وفاهم وعارف أن المباراة فوز وخسارة ويشوف حمدلله وبيتروس كيف منفعلين ومضغوطين أثناء المباراة \nأما ٩٥%عايشين جو المؤامرات والظلم ولايفهمون كوره ويانفوز يانقلب الدنيا\nبس ال٩٥%هم فاكهة الدوري للأمانه 🙄","654":"يعني حاسب مدربك الطاقم الفني ، حاسب الادارة مبارايات وديه قاعد تترقع وبتجي قدام العالمي ، زعيم وسيد اسيا وتبي تفوز ؟ ياخي قلنا احلم بس مو كذا ، بعدين مثل ماقال الجابر الهلال النصر ، مجرد بطولة تختيم افواه😂😤 بششروني شخبار الضغط ؟  #اعفاء_وزير_الرياضه_مطلب","656":"والله سامي صادق يوم قال النصراووين ضجيج اذا فازوا ضجيج واذا انهزموا ضجيج وش الحل معهم نقاطعهم ونفتك منهم ولا وش الحل ملعب وتركناه لهم دوري العام الماضي دوري نايف بن سلمان وعطناهم وش باقي قسم بالله ضحيج مزعج #اعفاء_وزير_الرياضه_مطلب","659":"#اعفاء_وزير_الرياضه_مطلب\nتبون العلم ولا ما تبونه\nسؤال مستحيل يجاوبونه\nالمنصب ليه دايم للهلالي\nوغيره مستحيل ينصبونه\n#كلنا_خلف_النصر https:\/\/t.co\/iqn5uHKe9u","690":"#اعفاء_وزير_الرياضه_مطلب اتمنى الدولة تتدخل وتشوف حل لهذا النادي وجمهوره ومين يأججهم بالطريقة دي وكل موسم","692":"والحدائق فيها رشاشات بتفتح اثناء ممارسة الرياضة مثل ماصار في مباريات #النصر ولا ارضياتها صناعية ..!!؟\n\n@KingSalman\n@AbdulazizTF\n@Yalmisehal\n\n#اعفاء_وزير_الرياضة_مطلب twitter.com\/aawsat_spt\/sta…","695":"صياح الفقر بلغ عنان السماء على الباص ياخنتر الى الثامن والحافظ الله #اعفاء_وزير_الرياضه_مطلب","712":"#اعفاء_وزير_الرياضه_مطلب\nكرة القدم سلاح الماسونية الفعال لإلهاء الشعوب وجني المال⚽\nتعتبر منظمة الماسونيين الأحرار من بين أقدم الأخويات حول العالم وأكثرها غموضا وسرية \n ويؤكد المؤرخون أن هذه الحركة الشيطانية التي تمجد الشيطان وتدعو إلى عبادته من دون الله عزوجل مقابل شهرة ابليس","716":"ادارة الشباب تمتنع اسقاط #الصليهم من كشوفاتها ليستفيد منه النصر في اسيا رغم ان الفريق فشل في المنافسة على مقعد اسيوي ..\n\nشكرا على دعم وزارة الرياضة لممثليها في اسيا ..\n\n@AbdulazizTF\n\n#اعفاء_وزير_الرياضة_مطلب https:\/\/t.co\/FgfYnpGOKT"},"stance":{"7":"Favor","17":"Favor","35":"Favor","36":"Favor","45":"Favor","47":"Favor","51":"Favor","61":"Favor","64":"Favor","80":"Favor","98":"Favor","108":"Favor","113":"Favor","180":"Favor","181":"Favor","193":"Favor","199":"Favor","237":"Favor","241":"Favor","243":"Favor","257":"Favor","271":"Favor","277":"Favor","283":"Favor","299":"Favor","301":"Favor","308":"Favor","318":"Favor","342":"Favor","344":"Favor","347":"Favor","352":"Favor","358":"Favor","360":"Favor","375":"Favor","384":"Favor","385":"Favor","388":"Favor","404":"Favor","412":"Favor","436":"Favor","442":"Favor","462":"Favor","471":"Favor","482":"Favor","490":"Favor","501":"Favor","514":"Favor","521":"Favor","528":"Favor","536":"Favor","539":"Favor","540":"Favor","556":"Favor","573":"Favor","592":"Favor","604":"Favor","608":"Favor","623":"Favor","663":"Favor","670":"Favor","682":"Favor","688":"Favor","25":"Against","28":"Against","59":"Against","78":"Against","87":"Against","104":"Against","112":"Against","123":"Against","130":"Against","135":"Against","141":"Against","155":"Against","173":"Against","174":"Against","182":"Against","197":"Against","203":"Against","204":"Against","205":"Against","208":"Against","218":"Against","222":"Against","224":"Against","227":"Against","231":"Against","238":"Against","244":"Against","263":"Against","268":"Against","276":"Against","279":"Against","290":"Against","305":"Against","312":"Against","323":"Against","325":"Against","326":"Against","333":"Against","357":"Against","363":"Against","386":"Against","400":"Against","406":"Against","459":"Against","470":"Against","475":"Against","476":"Against","479":"Against","488":"Against","497":"Against","513":"Against","531":"Against","546":"Against","549":"Against","554":"Against","564":"Against","578":"Against","580":"Against","593":"Against","596":"Against","602":"Against","628":"Against","631":"Against","637":"Against","641":"Against","644":"Against","664":"Against","681":"Against","685":"Against","687":"Against","705":"Against","706":"Against","2":"None","3":"None","4":"None","8":"None","18":"None","26":"None","40":"None","63":"None","67":"None","71":"None","75":"None","81":"None","85":"None","91":"None","96":"None","102":"None","107":"None","119":"None","121":"None","125":"None","129":"None","132":"None","147":"None","159":"None","164":"None","167":"None","175":"None","177":"None","185":"None","186":"None","187":"None","189":"None","190":"None","211":"None","212":"None","213":"None","230":"None","240":"None","252":"None","260":"None","264":"None","273":"None","275":"None","286":"None","303":"None","307":"None","313":"None","321":"None","327":"None","337":"None","345":"None","346":"None","355":"None","362":"None","369":"None","379":"None","382":"None","403":"None","414":"None","422":"None","440":"None","441":"None","446":"None","457":"None","461":"None","484":"None","485":"None","498":"None","499":"None","500":"None","503":"None","518":"None","520":"None","523":"None","530":"None","535":"None","541":"None","548":"None","575":"None","576":"None","577":"None","584":"None","589":"None","599":"None","601":"None","605":"None","606":"None","619":"None","629":"None","642":"None","649":"None","650":"None","654":"None","656":"None","659":"None","690":"None","692":"None","695":"None","712":"None","716":"None"}}