{"text":{"0":"#استقاله_فيصل_بن_تركي \n\nالزبده\nماراح يستقيل الجبان بسبب الشروط التعجيزيه اللي حاطينها والديون اللي ع النادي وكل هذا فيلم هندي سيتكرر سنوياً","20":"ياخي استحي على نفسك واستقيل #مطلبنا_رحيل_فيصل_بن_تركي_فورا","24":"اللي يتهرّب من رئاسة #النصر بحجّة الديون الماليه فهو يبحث عن بهرجه بما يفعله الآخرين ✋ لا يقرّب من العالمي إلا الكفو👍\n#استقاله_فيصل_بن_تركي https:\/\/t.co\/01oFItFbcv","30":"#استقاله_فيصل_بن_تركي \n\nأتمنى من الاتحاد السعودي قبل الاستقالة يتأكدون ان النادي ما عليه ديون من الادارة المستقيلة وما تكون هالحركة خطة هروب","46":"#استقالة_فيصل_بن_تركي\nالهريفي يشرشح فيصل بن تركي ويقول انه هرب بعدان ورط النادي بالديون\nوين راح هياط سوف تسجل ونسجل\nyoutu.be\/ZzsfVX9-fEQ","50":"استقال قبل التتويج امام الهلال 😂😂😂😂😂\n\n#استقاله_فيصل_بن_تركي","56":"#إستقالة_فيصل_بن_تركي_مطلب \nمو بالضرورة تكون الإستقالة الآن ولكن بنهاية هذا الموسم بالكثير\nبعد تخليص النادي من أكبر قدر ممكن من الديون 😊\n💙💛✋","61":"ماضحكني اللي يوم اعطى بتال القوس معروضه😂😂\n😂 #استقاله_فيصل_بن_تركي","62":"أبعد أعضاء الشرف الداعمين\nلم يستطيع الوفاء بالتزامات النادي\nلم يسدد الديون\nلماذا إذا يستمر وما الفائدة من استمراره ؟!#استقاله_فيصل_بن_تركي","67":"م الومه كسرتْ ظهر من الزعيم كويسه .. واقول لجمهور الشمس يبي لكم ٢٠ سسنه لتحقيق اي بطوله نهايه مؤلمه للنصر الى اعوام😭😂💔 #استقاله_فيصل_بن_تركي","75":"😂😂😂الظاهر غسل يده من تصدر فريقه عرف انهم ماراح ينفعونه بشي هههههههههه #استقاله_فيصل_بن_تركي","107":"#استقاله_فيصل_بن_تركي \nكلها من جحفلي 😂😂\n\nhttps:\/\/t.co\/DVye331DY2","118":"#استقالة_فيصل_بن_تركي\nماذا فعلت يا جحفلي😂😂. https:\/\/t.co\/4DDG0zF3XA","127":"اصبح النادي مثقل بالديون وضعيف فني، هل اقول انك محاصر بواقع لايجد منتقديك فهمه ، جلبت دوري14-2015 امرك حير جمهورك #استقاله_فيصل_بن_تركي_مطلب","134":"من هنا كانت بداية نهايته 😂😂 @Jahfali70  #جحفلي_يقيل_فيصل_بن_تركي  #استقاله_فيصل_بن_تركي https:\/\/t.co\/Gfp9yPBf5y","136":"آخر أربع سنوات كل اللاعبين الاجانب عالة وتم تحميل النادي ديونهم باستثناء برونو وفوقها إبعاد للميز وتقريب للصديق\n#استقاله_فيصل_بن_تركي_مطلب","144":"كانوا يطالبونه بالاستقاله\nوبعد أن استقال. \nقالوا(هج وترك النادي مديون)\nمن انتم؟؟؟ #استقالة_فيصل_بن_تركي","145":"شكلهم رايحين للملك سلمان يقولون هدفهم تسلل وش اللي حنا في زمن ابوفهد من جدك يخلي كل اللي عنده وينتفضى لفريقك 😂هيا تعال #استقالة_فيصل_بن_تركي","148":"#استقاله_فيصل_بن_تركي\n\nمن هنا كانت بداية النهاية للنصر وخبيلان وجمهورهم 😂😭 https:\/\/t.co\/vstxykdBS6","154":"#استقاله_فيصل_بن_تركي قرار تاخر كثيررر شكرا كحيلان على كل ماقدمته النصر نادي كبير ويحتاج عمل اكبر","159":"رجعنا على طير ياللي 😂 #مطلبنا_رحيل_فيصل_بن_تركي_فورا","162":"كانت الصمله \nواللحين النحشه ورطهم بديون و بالعقوبه 😂\n\n #استقاله_فيصل_بن_تركي https:\/\/t.co\/g0h8UPVJfK","188":"#استقاله_فيصل_بن_تركي\n\nخلا على النادي ملايين من الديون وفرك لها كحيلان.","193":"كفيت ووفيت ولكن توقيت الاستقالة سيء جدا\n\nوكيف وضع الديون الثقيلة التي ستورط بها النادي\n\n #استقاله_فيصل_بن_تركي","200":"2️⃣\nادارات #الاتحاد إستلمت المهمة بما فيها من ديون وإلتزامات ماليه \n\n#استقاله_فيصل_بن_تركي https:\/\/t.co\/yVL6EhqI6p","217":"#استقالة_فيصل_بن_تركي\nما راح أحد يتقدم لرئاسة .. والنادي مديون\nبـ ٣٠٠ مليون ريال .. نادي #النصر\nيسير على خطى #الاتحاد","222":"#استقاله_فيصل_بن_تركي \nيتمنى فيصل أن يجد من يقول له استقيل الان واترك ديون النصر ليأتي من يحلها بعدك. \nلكن لن يجد من يتحمل كوارثه المالية.","232":"#استقاله_فيصل_بن_تركي العاطفي كارينيو انسحب في عز فورة عاطفته ومن حوله فبكوا عليه! العاطفي كحيلان تأخر حتى نفدت عاطفته فلم يبكِ عليه أحد!","252":"لا لا يستقيل لين يدفع الديون اللي ع النصر عشان اذا استلم  شخص ثاني الرئاسة يعرف يحط كل فلس في محله  #استقاله_فيصل_بن_تركي_مطلب","263":"#استقالة_فيصل_بن_تركي \n\n#اقاله_داسيلفا \n\n#شي_ماراح_تنساه \n\nجماهير النصر ترمي الجزم ع طاقم التحكيم😂🤔\nyoutu.be\/QKPo1QeLCIY","273":"#استقاله_فيصل_بن_تركي اتمنى ان يكون هذا الخبر صحيح وان لايتراجع عن قراره المهم ان يسدد الديون ..","277":"درب يسد ما يرد حمل النادي ديون وفقع #استقاله_فيصل_بن_تركي","292":"اهم شي اذا راح يسدد الديون وبالتوفيق له #استقاله_فيصل_بن_تركي","299":"توقيت غريب ..!!\nلكن المهم من راح يتحمل ديونه الي بيتركها ؟\nلن تكتمل شجاعة الاستقاله الا بتحمل كافة الديون!\n #استقاله_فيصل_بن_تركي","309":"#استقاله_فيصل_بن_تركي\nمن الذي بيرشح نفسه لرئاسة النصر والفريق مديون 400 مليون ريال ؟\nالإجابة بتلقونها عند المريسل!!!!","310":"#استقاله_فيصل_بن_تركي                          فيصل بن تركي رجل 👍\nاستلمهم في المركز الثامن \nوسلمهم في المركز الثامن \n😂😂😂😂😂😂😂","322":"ديون ورحل أعضاء الشرف وسؤ إختيار لاعبين اجانب وذا جاء مدرب زين هججهه #استقاله_فيصل_بن_تركي_مطلب","339":"#مطلبنا_رحيل_فيصل_بن_تركي_فورا\nانا لو نصرواي يمديني صرت متطرف 😂😂😂 كل مافيه أزمه نفسية وفكريه","340":"#جحفلي وش سويت فيهم؟😂 حبيت اقول لكم حتى مع #استقاله_فيصل_بن_تركي راح يظل ترتيبكم السادس👌 https:\/\/t.co\/8TSVDQDUSQ","341":"#استقالة_فيصل_بن_تركي صج استقال ولا يقلد نواف بن سعد 😂😂 الله يهداك ياجحفلي","342":"الحقيقة بتوجع!\nلا أنت قادر تجيب مدرب زي الناس..\nولا أنت قادر تجيب محترفين زي الناس..\nاستقيل✋\n@faisalbinturki1 \n#استقاله_فيصل_بن_تركي مطلب!","349":"ماقصر كفى ووفى الديون كسرت ظهره واستقال #استقاله_فيصل_بن_تركي","352":"ذكي بن تركي فريقه خسر كل البطولات وخسر كل القضايا وديون متلتله وعقوبات الفيفا قادمة فهرب من الواقع المرير القادم \n\n #استقاله_فيصل_بن_تركي https:\/\/t.co\/70uAihh3fE","361":"الهلاليين  مشاركين  بالتاق  #مطلبنا_رحيل_فيصل_بن_تركي_فورا  اكثر من النصراوية 🤔  فكروا بمدربكم امس مافاز والثلاثاء راح يوديكم للعالميه 💔😂","372":"#استقالة_فيصل_بن_تركي \nاعتقد لن يتقدم احد لنادي مديون ب ٢٦٠ مليون ريال \nفلذالك كحيلان سيستمر ستشاهدون النصر \nكالشباب .","379":"ورط الفريق بعقود لاعبين لو يبيعوندالنادي بكبره ما يسددونها😂 #استقالة_فيصل_بن_تركي","380":"النصر كيان كبير اكبر منك إذا ما عندك القدره على خدمته استقيل وريحنا \n\n #استقاله_فيصل_بن_تركي_مطلب","395":"#استقاله_فيصل_بن_تركي\nدامك بتستقيل وفيه ديون بيع عقود اللاعبين وسدد وَاذا تبي امش","400":"نادي مديون\nأعضاء و أبعدهم\n14 مدرب حتى الآن من تولى الرئاسة\nحتى الإداريين المميزين بدلهم بأخوياه\nيتعامل مع النادي وكأنه ملكه\nيلعب أخوياه الشياب ويفرضهم على التشكيلة\nعبث و إستهتار \n\n#إستقاله_فيصل_بن_تركي_مطلب","408":"#استقاله_فيصل_بن_تركي\nالنصر مُقبل على اسوء مرحلة بتاريخة ..\nالديون ربع مليار ، قضايا بالفيفا ، ايقاف النصر من التسجيل فترتين وشكوى الفريدي","419":"المعلق 23 مباراه للهلال جاب بطولتين 23 سنه ماجاب ولا بطوله تراني اقصدك يالنصر😂✋. #استقاله_فيصل_بن_تركي","423":"شكراً على ماقدمت يابو تركي و تكفى يابو تركي ثم تكفى اترك النادي للمجهول لعل المجهول يودينا للنور #إستقاله_فيصل_بن_تركي_مطلب","436":"الحل ترشيح إلكتروني الجمهور فقط من يحب الكيان ولايساوم عليه بوضع عراقيل هو من سيسدد سوء إدارة الغيرالمالية حسب اعترافة #استقاله_فيصل_بن_تركي","438":"#استقاله_فيصل_بن_تركي\nمو معقول \n- كحيلان يسدد جميع الديون ويرحل\n- ورئيس جديد يتحمل كافة الديون\nالحل \nيتكفل كحيلان بالديون الخارجية ومقدمات","450":"يكفي تصريحة عام \n2009 الأمير فيصل بن تركي :\n\nسوف أجعل من النصر برشلونة\nاليوم : برشلونة صار النصر\n😢💔 😂😂😂😂😂\n#استقاله_فيصل_بن_تركي","468":"#استقاله_فيصل_بن_تركي_مطلب\nلم أرى في حياتي شخص يعاند ويحب الفشل مثل هذا الشخص !\nياخي خلاص استقيل قسم بالله لو يكلف أي شخص حتى لو علي حمدان.","473":"#شكراً_فيصل_بن_تركي \n\nشكرآ لأنك أغرقت النادي بالديون شكرآ لأنك هدمت كل شي كان حلو ورحلت ليتك تأخذ بطولاتك الثلاث اللي أزعجتنا فيها..!!","474":"استخفاف بالجمهور\nقضايا ،ديون ،طفوا جوالاتكم ،لاتكشتون ،\nيلعّب حسين غصب\nذلّ ابوهم عشان 3بطولات الحمدلله ع نعمة العقل بس\n#استقاله_فيصل_بن_تركي","477":"#استقالة_فيصل_بن_تركي يسدد الديون والرواتب الي عليه لنادي قبل يمشي لا يورط الي بعده ✋🏻","497":"رسآله لمن قال ترك النادي مديون\nمهر أي أدارة جديد لكيان شامخ\nالتكفل بالديون\n\nادارة الاهلي والاتحاد والهلال .خير مثال\n\n#استقاله_فيصل_بن_تركي","503":"#استقاله_فيصل_بن_تركي ادفع الديون و رح يا علي بابا","510":"#استقاله_فيصل_بن_تركي\nللاسف الاميرمشعل متواطئ مع الاداره لم يعلن مبلغ الديون ولم يعمل على جمع جميع اعضاء الشرف الموجودين والمبتعدين","511":"#استقاله_فيصل_بن_تركي\n\nهي بدايه للتصحيح \nوقد تأخرت كثيرا ونتمنى صحه الخبر !","516":"ما أستغرب يطلع بكرى الأمير عبدالله بن سعد يرشح نفسه لرئاسة النصر وينكرش آخر شي هالآدمي باقي عليه وج ويختّم الأنديه😂 #استقاله_فيصل_بن_تركي","534":"#استقاله_فيصل_بن_تركي \n\n الديون هي مسمار جحا من اجل عدم تقدم احد للرئاسة ثم يثبت للجماهير ان لا احد غيره كفو لتحمل المسئولية !!\n\nفضلوها 😉","542":"#استقاله_فيصل_بن_تركي\nطيب وحقوق اللاعبين المتاخره حبحب \nقلنها البلد خايسه وبعض البشوت مايخافون الله","545":"#استقالة_فيصل_بن_تركي\nانجازات كحيلان مع النصر في 9 سنوات\nشارك في ٣٥ بطولة ما بين محلية وخارجية .\nحقق ٣ بطولات محلية بالدفع الرباعي\nفشل في تعدى المجموعات آسيويا \nفشل عربياً مع التكفيخ\nفشل خليجياً مع التبقيس\nلقم خماسيات حتى عض الارض\nفشل اداري\nفشل فني\nقضايا\nديون\n#كبير_ياكحيلان 😂","547":"كحيلان تكفى يكفي جحفله من بقى ماجحفلنا خلاص ياخي ماقصرت سلم الادارة وبيض الله وجهك\n\n#استقالة_فيصل_بن_تركي","548":"#استقاله_فيصل_بن_تركي\nأحدهم غرق ناديه بطولات والآخر غرق ناديه ديون https:\/\/t.co\/znYbnfW8x0","550":"#استقاله_فيصل_بن_تركي :\nمشكلة اللي يحط راسه براس نواف بن سعد 😂 https:\/\/t.co\/M0zTG0eaVz","558":"أعتقد أنها تأخرت كثيرا وجمهور #النصر ما عاد تحمل الخسائر المتعاقبه والديون المتراكمه التي من يتحمل دفعها بعد أبو تركي؟ #استقاله_فيصل_بن_تركي","566":"ياخي فارق النصر ماوراك لى ديون وفشل #إستقاله_فيصل_بن_تركي_مطلب","572":"عاد استقال ولابقي ماحد شايله من ارضه 😷😂#استقاله_فيصل_بن_تركي","578":"#استقالة_فيصل_بن_تركي\nبيجيك الحين نصراوي يقول اكثر جمهور فرحان بالاستقاله هو جمهور الهلال ' يقولك اذاقهم المر 😂😂","582":"#استقاله_فيصل_بن_تركي\n\nإلى الآن لم يثبت شيء رسمي\nوإن كان الخبر صحيحا فنقول  لفيصل بن تركي كفيت ووفيت وبيض الله وجهك على ماقدمت\n\nفيصل بن تركي اجتهد ولم يوفق\nاستلم رئاسة نادي النصر💙💛\nفي فبراير 2010\nله أكثر من 7 سنوات رئيس للنادي والمحصلة \/\n2 دوري 1 كأس\nديون 205 مليون ريال","587":"المشكلة ديون النصر من سيتحملها !! #استقاله_فيصل_بن_تركي","614":"#استقاله_فيصل_بن_تركي فيصل بن تركي دمر النصر بعقود خياليه للاعبين لا يستحقون رجل يدفع بلا فكر رحل وخلف كوارث والنتيجه ديون","618":"#استقاله_فيصل_بن_تركي قدمت الكثير وأسعدتنا كثيراً\nآن للعابثين تقديم البديل في ضَل مديونيات انديتنا ووسط رياضي ممل https:\/\/t.co\/oyncCsjRHu","626":"أهم شي سدد ديونه...والله يستر عليك..ماقصرت\n#استقاله_فيصل_بن_تركي","627":"قرار #استقاله_فيصل_بن_تركي بعد ماسحب البنك على قرضهم يبي يسدد ديون النصر الي له ويقادر","635":"رئيسهم يستقيل ، وعليهم ديون ، وتركو كرة قدم وتابعو سله\nوناديهم هذا وضعه ع المدرج ويتفرج 🌚 \n#استقالة_فيصل_بن_تركي https:\/\/t.co\/dykZVWuOrZ","638":"#استقاله_فيصل_بن_تركي\nليه الاستعجال يا كحيلان الله يهديك،\nفريق كرة القدم بالسادس و السلة بالخامس و الامور طيبة 😂😂 https:\/\/t.co\/j3UpqwEqH8","651":"#استقاله_فيصل_بن_تركي_مطلب\nيا خي حنا راضين بالمجهول و راضين بالهبوط .. راضين باي شي بس توكل و استقيل","656":"كل شيء حولي يذكرني بشيء ! \n\nهههههههههههههههههههههههههههههههههههههههههههههههه😂\n\n#استقاله_فيصل_بن_تركي \n#النصر_الشباب https:\/\/t.co\/7KuWqEfonq","657":"#استقاله_فيصل_بن_تركي_مطلب \nمتى نسمع الاخبار اللي تسعدنا عشان نشعل طويطر على قولته اغنيه شالو ه ودعوه!\nقعطوا هنا هايطوا بطويطر ماراح استقيل","661":"#استقالة_فيصل_بن_تركي\nشكرا ياقلب قلبي على كل الي قدمته لن ننساك لكن الله يحفظك سدد الديون قبل ترحل ياعمري 💔💘 @faisalbinturki1","671":"#استقاله_فيصل_بن_تركي_مطلب  وفيه احد بيستلم النادي بهاذي الديون مستحيل","678":"#استقاله_فيصل_بن_تركي_مطلب\n الرئيس هو السبب في الديون لكي يبتعد اي منافس عن استلام ادارة النصر وعليه هذه المبالغ .","681":"#استقاله_فيصل_بن_تركي\nفرصة وظيفة شاغرة \/\nرئيس نادي مهدد بالعقوبة عليه ديون 100مليون \nمعروف بالرشاوي وتهديد الحكام عالمي بالترشيح","685":"#استقاله_فيصل_بن_تركي\nافعلها واستقيل وسنكون لك من الشاكرين \n لاتدمر النصر اكثر من كذا كفااااااية عبث بكيان #النصر","710":"احلى خبر إستقالتهه يكفي تفريط بـ زوران تمسح كل حسنآتك ياليت قبل ماتمشي تسدد ديون النآدي.\n #استقاله_فيصل_بن_تركي","716":"رئيس جاب 5بطولات في موسم واحد وانت ذليت النصر بهالبطولتين اللي حققتها في 8سنوات تخبط اداري وأخطاء مكرره و ديون \n #استقاله_فيصل_بن_تركي_مطلب","728":"#استقاله_فيصل_بن_تركي_مطلب الرجل يعلم ان الانديه تخصص ولن يشتري النصر حد بالديون و التخبط ذا .","741":"#استقاله_فيصل_بن_تركي\nأجل نهاية شهر أبريل !!\nواضحه مسرحية مكشوفة والنائب\nجاهز هو وضع هذه الديون الثقيلة\nليضمن كرسي الرئاسة لأطول فترة ممكنة","751":"شكراً على كل ماقدمته ...\n\nالان الكرة في ملعب اعضاء الشرف ولكن قد تكون الديون عائقاً امامهم\n\nالله يكتب اللي فيه الخير\n\n #استقاله_فيصل_بن_تركي","752":"بعد أن اغرق النادي بالديون ..\nومع أقتراب العقوبات رحل ..\n\n#استقاله_فيصل_بن_تركي\n#النصر","755":"#استقالة_فيصل_بن_تركي\n\nركب الديون عليكم والايام تثبت مايبيها تصير على راسه \n\nغالب \nعوض \nالسهلاوي \n\nياويلكم ازبن ياكحيلان😂","762":"واثق ان للنصر رجال\nلن يتأخروا في أستعادة أستقامة النادي\n-\nالمده كآفيه ..والكرة في ملعبكم\nوأعضاء الشرف والرعاه خلفكم\n💙💛\n#استقاله_فيصل_بن_تركي","766":"مشاكل الديون والمنع من التسجيل قادمة خلال الفترة القادمة 😄\nاربطوا الاحزمه 🔥\n\n #استقاله_فيصل_بن_تركي","773":"حتى الاعضاء الداعمين ابتعدوا عن الكيان بسببك ماعندك الا اعضاء الترزز استقيل وخل الكيان يرجع لسابق عهده استمرارك كارثه. #استقاله_فيصل_بن_تركي","3":"#استقاله_فيصل_بن_تركي\n غرق النادي ب الديون  و قدم استقالته   لكن هو مستمر بس الله يصلح الحال هذا اللي نقدر نقوله ويغير من قناعاته وسلوبه","10":"#استقاله_فيصل_بن_تركي هذا الي يسمونه الهروب الكبير من نهائي الملك ههههههه توقيته غبي هههههه طيب فريقك واصل نهائي محتاجك 😂","60":"#استقاله_فيصل_بن_تركي\n\nي رب يتراجع \n\nتكفى ي كحيلان #النصر انت وانت النصر 💔@faisalbinturki1 😔","69":"#استقاله_فيصل_بن_تركي\nافاااا فاكهة الكورة السعودية \nطيب الحين وين بنلقى رئيس\nسبك مثله .. والله مشكله 😢\n\n😂😂😂😂😂😂😂😂","83":"#استقاله_فيصل_بن_تركي\n\nلاتفرحون مره *قاعد على قلوبكم* 😂\n💙💛\n💛💙\n#النصر\nصآحب الهشتآق آسمع الرد بلسانه 👌👇😉 \n https:\/\/t.co\/01qBxkkzrs","89":"#استقالة_فيصل_بن_تركي ليه ياكحيلان بالله شلون نضحك اللحين 😞😂!","98":"#استقاله_فيصل_بن_تركي\nوقفوا ضدك وطالبوك بالرحيل\nوالآن يتحججون بسداد الديون\nالا يعلم هؤلاء الجهلة انك تركت لهم كنز يساوي مئات الملايين ؟؟!! https:\/\/t.co\/ggfzkA6fDM","103":"كلمة شكرا لا تكفى من اعطانا الذهب وصنع لنا نصراً جديد نفخر به لا تررررررررررحل #فيصل_بن_تركي_لاترحل #شكرا_فيصل_بن_تركي","108":"#شكرا_فيصل_بن_تركي\nوالله لا أعلم كيف اعبر عني حزني\nيا شين تفارق حبيبك\nوهو حي وأنت حي \nتكفى أمزح شوف بعيوني غلاك\n♡↓↓ https:\/\/t.co\/I5Jrc9HEsV","111":"#استقاله_فيصل_بن_تركي\nأتمنى تكون إشاعة. \nبقاء كحيلان من مصلحة الهلال.\nماغير هياط وأفلام اكشن بره الملعب ويحط التشكيله على كيفه. \n وبالملعب نصكهم 5 .\nإذا راح بيروح الهياط والتركيز بيكون في الملعب فقط.\nتكفى كحيلان لاترحل","113":"#استقاله_فيصل_بن_تركي ضحكتني ياطاقيه فاقع كبودكم كحيلان. فيصل بن تركي هو روح النصر اذا راح انتهى النصر. حس ياطاقيه حس 😂😂😂😂","119":"والله زعلان على استقالة كحيلان .. 😂\n\n فقدنا أحد رواد الفكاهة في العصر الحديث .. 😂😂\n\n #استقاله_فيصل_بن_تركي","131":"#استقاله_فيصل_بن_تركي\nلن يترك النادي وبعدين مين الغبي اللي بيستلم رئاسة النادي وهو مديون","155":"تكفى لاتروح حنا الهلاليين نحبّك😂💙💙 #استقاله_فيصل_بن_تركي_مطلب","156":"#استقاله_فيصل_بن_تركي \n\nخسآرهه .. ملك آلكوميديآا إلريآضيةة بيعتزل 😂💔\"","172":"#استقاله_فيصل_بن_تركي \n\nأدري في يوم إني بودعك بدموع عيني، وقلبي بيصرخ لك عن حنيني، تكفى ابقى لا تبتعد 💔😔\n@faisalbinturki1","179":"لا تقولونها وان شاء الله انها مجرد اشاعه ماراح نلقى كهلاليين افضل من كحيلان 😎لا فنيا ولا اداريا فرق اعضاء شرفهم وخصوصا (خ ف)و (ن س) و اجانب من نوعية غالي واغرق النادي في الديون ادعوا بسلامة كحيلانوا  #استقاله_فيصل_بن_تركي","185":"ورب المصحف ان اكبر خسارة لنا استقالتك تكفى يابو تركي تراجع ،الله يذكرك بخير ويوفقك وبيض الله وجهك❤️ #استقالة_فيصل_بن_تركي","198":"استقال خسسسساره 😌 \nبنفقد تصرحياتوووو المبدعه ☺️👌🏼\n\nاحظروا واسكتوا😳😂  #استقاله_فيصل_بن_تركي","235":"#مطلبنا_رحيل_فيصل_بن_تركي_فورا\nهذا الهاشتاق ماله اي اساس من الصحه وأهم شي وش صار على دياز الحزم مع ياسر ويقولون الهلاليين يبون الجابر مدرب 😂","241":"خساره للكرة السعوديه تكفى تراجع عن قرارك 🙂 #استقاله_فيصل_بن_تركي","255":"#استقاله_فيصل_بن_تركي\nخلاص معاد نقول جحححححححفلي 😂\nبس لا يستقيل والله إنه فله","279":"ج #استقالة_فيصل_بن_تركي\nليس وقتها \nان كان يريد الاستقاله فبعد ان يتم سداد المديونية","314":"لن يُرحل بهالطريقة بل كسب عدم تحمل عبء اخطاؤه والديون برحيله..\nاو سيظهر بثوب المنقذ ان لم يتقدم احد\n #استقاله_فيصل_بن_تركي","329":"اقام اعتزال ماجد\nجدد الفريق\nخسر ٣ نهائيات بالبلنتيات\nكسب٣بطولات ضمنها ٢دوري\nتحمل ديون الفريق\nفكيف لانحزن على رحيلك؟؟\n#استقالة_فيصل_بن_تركي","348":"#استقالة_فيصل_بن_تركي \n\nلو قدم هذا الرجل استقالته \nراح استقيل من صحيفة المجلس بالاضافة لاغلاقي الحساب \n\n#كحيلان_لن_نقبل_استقالتك","357":"#كلنا_كحيلان_وللمجد_بقيه\nمن اقواله:\nلن استقيل او اترك النادي حتى احقق امنياتكم ولن نلبي آمال المتربصين.\n#استقاله_فيصل_بن_تركي","358":"#استقاله_فيصل_بن_تركي خبر غير سار الهلاليين تكفى لاتسويها ياخبيلان💔الكره السعوديه تفتقد نصف متعتها \nجحفلي كتب نهايتهم😢","366":"يا جماهير العالمي اعيد واكرر لن استقيل حتى أحقق مطالبكم  \nبالتوفيق لنصرنا 💙💛\n #استقاله_فيصل_بن_تركي\n#النصر","381":"آتيت للنصر عاشق ومتيم وكان النصر مليان من الديون وغيرت جلد العالمي وجلبت البطولات والجمهور المغفل يريد ابعادك !! #استقاله_فيصل_بن_تركي","402":"#استقاله_فيصل_بن_تركي_مطلب أبشركم ياجماهيرالنصر فيصل بن تركي لن يترك النصرولو تحطون119هشتاق ولو تناقزون بالتويتر فيصل بن تركي باق فى النصر😂 https:\/\/t.co\/7jXLWtsb2q","427":"#استقاله_فيصل_بن_تركي\nفاكهة الكره السعوديه خسارة 😂😂😂 https:\/\/t.co\/1sl7rUmAOw","456":"#كوره_روتانا\n#فيصل_بن_تركي \n\nإستقالة كحيلان جرح في صدر كل نصرواي عاشق للكيان لا تبريه الأيام .. \n\n#شكرا_فيصل_بن_تركي","458":"#استقاله_فيصل_بن_تركي\n\nتكفى لا تستقيل 😒\n\n@faisalbinturki1 https:\/\/t.co\/8Q9v3eYrOY","461":"#استقاله_فيصل_بن_تركي. من المفترض ان لاتقبل استقالة اي رئيس الا بعد ان ينهي جميع الديون والعقود المسجلة على التادي","464":"#استقاله_فيصل_بن_تركي\nبكره يرجع ماهو لاقي من يضف النادي بديونه وصراحه ماقصر دفع من جيبه كثير وجاب ثلاث بطولات يحمدون ربهم","480":"#استقالة_فيصل_بن_تركي\n\nلاتكفى انت فاكهة الكرة السعودية \nبعدين اذا مشيت نضحك على مين😆 https:\/\/t.co\/vcUdAaJjJW","489":"#استقاله_فيصل_بن_تركي ما يقدر يستقيل والديون هذي في عهده. الاستقاله هذي كان يمكن تصير قبل وجود ال الشيخ الان ماعاد فيه مجال ان الرئيس يحمل النادي ديون ويمشي","496":"#استقاله_فيصل_بن_تركي\n٩٠ بالمية من النصراويين لم يطلب الإستقالة لأنه يعلم بانه ليس هناك بديل له .. صعبه على اي شخص قادم تحمل ديون بن تركي !","500":"#استقاله_فيصل_بن_تركي ديون النادي اكثر من ٣٠٠ مليون وبكل بساطه يقول ذي استقالتي نادي النصر نادي حكومي نادي ثقافي رياضي لابناء الوطن ، غير صحيح كل من أراد الشو يعبث و يراكم الديون ثم يقول ذي استقالتي.","514":"#استقالة_فيصل_بن_تركي لا تكفى نبي نكمل ضحك","518":"لا..تكفى لا تروووح عشان خاطر  هزازي ... 😢😢 #استقاله_فيصل_بن_تركي","544":"حسافة من نضحك عليه الحين 🙄😂! #استقاله_فيصل_بن_تركي","552":"#استقاله_فيصل_بن_تركي\nماتعرفوا خيري غير تجربوا غيري\nشكلكم راجعين لسنوات الضياع ايام شريفي والحارثي 😂😂","557":"#استقاله_فيصل_بن_تركي يارب انها اشاعه لو ان هالكلام صحيح من يسعدنا ويونسنا في البرامج هو نكتة المقابلات الله لا يحرمنا منه 😂استمر كحيلان ..","567":"#استقاله_فيصل_بن_تركي \nاعتبرها خيانه للنادي وين وعوده استقال بعد ما تراكمت الديون اقل شي يسدد النصف ومو معقول الى الان لم يتم ترشيح رئيس","583":"#استقاله_فيصل_بن_تركي\nكل فترة تطلع اشاعة استقالته خلاص م مليتو ندري انه اخطأ كثير وعاند و... الخ \nلكن الأصح اللحين انه يستمر\n لأنه ع وضع الفريق اللي الآن يمر فيه و الديون المتراكمه م ينفع يطلع كحيلان و يستقيل بهالتوقيت والا بيصير حالنا مثل الاتحاد و أردى💔","604":"#استقاله_فيصل_بن_تركي \n\nمسرحية كبيرة جداً\nولن يستقيل ابداً وهذه المسرحية ليس الا لوي ذراع اعضاء الشرف بالديون المتراكمة على النادي","612":"كحيلان اقرب لجمهوره من الاعلام الفاشل جمهوره يحبه وهو يحبهم يعني بالعربي الفصيح مافي استقاله  واضغط المضغوط اكثر😂😂😂😂 #استقالة_فيصل_بن_تركي","628":"والله راح نفقد تصريحاته اذا كان خسران يجيب العيد 😂😂\n #استقاله_فيصل_بن_تركي","639":"#استقاله_فيصل_بن_تركي\nالمشكله لو تركم فيصل بن تركي،،،محد راح يصير رئيس ناديكم النادي فاشل محد يبيه😂😂💔خليكم عليه صابر عليكم ومتحملكم😂😂💔","645":"#استقاله_فيصل_بن_تركي أن فعلاً تمت الإستقالة سيدخل النصر في دوامة الديون وسيتعطل لسنوات .. وهذا ما سيسعد منافسيه .","669":"اتمنى عدم استقالة كحيلان فهو الرئيس الوحيد على مدى اكثر من ٢٠ سنه حقق النصر في عهده ٣ بطولات  ، تكفى لاتستقيل 😁#استقاله_فيصل_بن_تركي_مطلب","670":"الخبر غير صحيح 😂 هو ملح الكوره السعوديه بتصريحاته الفتاكه🏌🏿 #استقاله_فيصل_بن_تركي","672":"#استقاله_فيصل_بن_تركي\nلن يستقيل مجرد اشاعات لتغطية الفشل والديون الغارقه بالنادي الى الحضيض !! النصر لن يقف على أحد والنصر فوق الجميع 💛","682":"#استقاله_فيصل_بن_تركي. فيصل بن تركي قسم النصر وصار احزاب ورواتب متاخره \nخسر اكثر من نهائي معناته الرجل فااشل\nوش ابي بنهائي وانا ما افوز فيه","708":"#استقاله_فيصل_بن_تركي\nمستحيل يستقيل لانه لايوجد غيره احد \nوالديون في زياده ،،\nوالمشكله ان الجحفله لم تتوقف","713":"#استقاله_فيصل_بن_تركي تكفون لا يسستقيل بعدين مين الي بيهااايط بدوري ومين الي بيقول ودي اقابل الهلال بنهائي 😂😂😂😂🔥\nاي لفيو يا المربرب 😂😂😂😂✋🏻","744":"#استقاله_فيصل_بن_تركي\n\nبنفقده والله وبنفقد تصريحاته اتمنى مايروح الرمز😂😂💔","749":"خبر مزعج #استقاله_فيصل_بن_تركي\n\nمن اللي راح يوسع صدورنا بالتصريحات المضحكه 😂✌","754":"الأمير الفارس فيصل بن تركي استمرارك رئيس لنادي النصر مطلب لجماهير كل الأندية السعودية تكفى لا تردنا يا أمير القلوب ❤❤❤#استقاله_فيصل_بن_تركي","7":"#استقالة_فيصل_بن_تركي طيب والنهائي كاس الملك وش وضعه 😂😂😂","12":"حركات يستقيل ويرجع بعد ماتهدأ زوبعه الديون.\nحطوها مفضله 👍\n #استقالة_فيصل_بن_تركي","16":"#استقاله_فيصل_بن_تركي\nبيستمر ماراح يستقيل مع هالديون المتلتله ع النادي ماراح يتقدم احد","31":"ماراح فيها الا لاعب الصملة...😂\nوهقه كحيلان و.....🏃🏻🏃🏻😂 #استقاله_فيصل_بن_تركي","32":"#استقالة_فيصل_بن_تركي \nعطوه الى بعد رمضان ويرجع\nلم يتقدم احد والديون😂😂","33":"#استقاله_فيصل_بن_تركي\n🔴🔴\nفاتورة كهرباء لعائلة بمكة ١٧٥ ريال فمن يكسب أجرهم ويسددها عنهم وأعطيه رقم حساب الفاتورة\nالخاص مفتوح","38":"#استقاله_فيصل_بن_تركي\n\nمسرحية اُعِدت في القصر مع الشله ل محاولة الهرب من الديون واقحام هيئة الرياضه لحالها وإعادته للرئاسه","41":"اقول احضر الكوشه بعدين استقيل زي ما تبي فرحتنا ما تتم دون تشريفكم زواجنا على عانس نجد 🌹 #استقاله_فيصل_بن_تركي","43":"#استقاله_فيصل_بن_تركي\n\nشدعوه كل ذا نحشه وخوف من التتويج؟😂","73":"#استقاله_فيصل_بن_تركي\n\nيا مطلقي الأشاعات كفاية مرض \nننتظر أجتماع أعضاء الشرف الداعمين ليقرروا مصلحة #النصر . النادي مديون وفوضى تحتاج ترتيب","74":"قراءة لمشهد #استقاله_فيصل_بن_تركي\n*هروب من الديون \n*قضية جديدة سحب نقاط او تهبيط\n*احتجاج على حفل اعتزال الهريفي \n*يمكن الله هداه https:\/\/t.co\/x7BYg3iYVj","76":"#استقاله_فيصل_بن_تركي لهدرجة ي زعقاويه النصر غابنكم وقاهركم قهر 😂😂قاعدين على قلوبكم وبنرجع ندقكم دق 😂💛👏🏻","78":"للأسف لكل وقت موضة جاءت موضة الديون والكل طلب وبعدهاالقروض والكل طلب والان موضة الاستقالات #استقاله_فيصل_بن_تركي","92":"بسبب دعوة معالي تركي ال الشيخ لفيصل بن تركي لحضور مباراة الهلال وانحشر قال استقيل افضل \n #استقاله_فيصل_بن_تركي","97":"#استقاله_فيصل_بن_تركي_مطلب انا زوجي معاق وعاطل وعندي اولاد زوجي تعبان واحتاج مصاريف  م عندنا غير الضمان م يكفي حاجتنا بسبب الديون تكفون","105":"نهاية الهياط الهرووووب من الكوشه😂 #استقاله_فيصل_بن_تركي","125":"وبس هذا حال انديتنا ؟\n\nيحملونها ديون ويهربون !!\n\nويبون رياضتنا تتطور وتتغير للافضل ! هه💦  \n\n#استقالة_فيصل_بن_تركي","128":"#استقاله_فيصل_بن_تركي\n\nاذا رحل رئيس نادي وترك ديون كبيره ومشاكل لا يستطيع احد بعده الوفاء بها\nفهو يفكر لما بعد خصخصة الاندية ليشتري النادي","130":"#استقاله_فيصل_بن_تركي\nحلم كل زعيقي لكن كحيلان باقي على قلوبكم وسيتمر بدقمم خشومكم يا الطواقي 👌🏻👌🏻😂🤓🤓🤓🤓🤓🤓","149":"وانا استقيل من تشجيع النصر 😭 #استقاله_فيصل_بن_تركي","152":"#استقاله_فيصل_بن_تركي\n\nوالله ياهو مرمط بهم مرمطه متى مابغى يفرحهم قال لكلاب القصر وطلعو هاش كذاب واذا بغا يدعسهم نفهم وطلب لهم الأسعاف 😂😂","153":"#استقاله_فيصل_بن_تركي\nاول مره اشوف واحد يقول بسجل وبسجل وبسجل \nواخرتها سجل استقالته\nكم انت مسخره😂😂😂😂😂😂","163":"#شكرا_فيصل_بن_تركي اقسم بالله اكثر جمهور متناقض قبل كم يوم يسبونه ويقولون ارحل ويوم قدم استقالته اسمع انواع الحزن والصياح لماذا يانصر😂😂😂","169":"#استقاله_فيصل_بن_تركي\nمشكلتكم مو مع خبيلان \nمشكلتكم مع السومه 😂😂 https:\/\/t.co\/pO53yBEpPJ","171":"#استقاله_فيصل_بن_تركي\n\nمايبي يكوون قدام الهلال\n\nوهوويتووج امامه قال استقيل\n\n🙊😂😂😂😂😂😂😂🙆","181":"#استقاله_فيصل_بن_تركي_مطلب\nلا خلوه عنده فلوس ولا بتصيرون زي الاتحاد ديون وما تقدرون تجيبون لعيبة الله لا يبلانا و الحمدلله اني هلالي💪😎","190":"#شكرا_فيصل_بن_تركي الصمله للرجال الصمله رجال الصمله يارجال ، الهروب نصف الشجاعه ، ورط ناديه بالديون وورط اللاعب بالايقاف ،يستاهل عوض الهياط","199":"#إستقالة_فيصل_بن_تركي\n،\nالديون تُفقد الدوري السعودي بريقه وإثارته شيئاً فشيئاً 🚶🏻","210":"قبل إلزامه بتسديد الديون \nقبل صدور موضوع عوض \nقبل تتويج الهلال امام النصر\n\nالهرووب الاكبر 😂👌🏻\n\n#استقاله_فيصل_بن_تركي","211":"#استقاله_فيصل_بن_تركي_مطلب\nاحمدو ربكم ان في واحد ماسك نادي صغير و عنده ديون اكثر من ٢٠٠ مليون وقضايا من الفيفا\nوالله كل يهج منها","214":"نصراوي وتشرب ، هالعلبه ! \nمستحييييل 😂\n\n #استقاله_فيصل_بن_تركي http:\/\/t.co\/6rXScbCPO6","221":"ديون النادي حوالي ١٢٠ مليون كما يشاع لذلك اعتقد انه من الصعب ايجاد شخص يستلم الاداراه بهذه الديون الضخمه !! #استقالة_فيصل_بن_تركي","225":"#استقاله_فيصل_بن_تركي\n#استقاله_فيصل_بن_تركي\nاسيا صعبه قويه يالفقراوي\nتحداهم ابوبدر وكسب التحدي \n😂😂😂😂😂😂😂 https:\/\/t.co\/xw3KmE8teM","230":"بس الي اعرفه انه يقول سوف اسلم النادي بدون ديون يعني بححح #استقاله_فيصل_بن_تركي","238":"#استقاله_فيصل_بن_تركي\nبالأمس نواف بن سعد وقبلهم فهد بن خالد \nوقريبآ ابراهيم البلوي\nمؤشر سلبي وديون وعدم تخطيط \nالقادم أخطر لكرتنا وانديتنا","242":"محمد شنوان يجلد محاربي فيصل بن تركي ويعرّيهم أمام الملأ 😂\n #استقاله_فيصل_بن_تركي https:\/\/t.co\/rFaiRYyI0R","250":"#استقاله_فيصل_بن_تركي\n70 مليون من يسددها ياكحيلان 😁 https:\/\/t.co\/bB72EhdCmA","257":"#استقاله_فيصل_بن_تركي\nبدل ماتشكره طالبه بتسديد ديونه\nاكثر من ٢٠٠ مليون من يتحملها\nواخرتها مالقينا من يتقدم\nوقررنا استمراره\nمسرحيه","276":"#استقاله_فيصل_بن_تركي\n\nيابو تركي تعرف الرقم هذا👈🏻 0 \n\nكنت تقول : اترك النصر وعليه صفر من الديون\n\nهـمّتـك يا بطل😉✌🏻️🏃🏻🏃🏻🏃🏻","284":"طيب ومين المسؤول عن سداد الديون ؟؟؟؟؟؟  #استقاله_فيصل_بن_تركي","290":"اغلب اللي بالهاشتاق طحالب وزعيقيه طالعه ريحة عفن 😂😂 #استقاله_فيصل_بن_تركي","300":"#شكراً_كحيلان #استقالة_فيصل_بن_تركي \n\nفرح بعض النصراويين بالاستقالة .ولكن مين البديل ..الديون فوق ١٠٠ مليون هنا السؤال قبل لاتفرح بالاستقالة","304":"#استقاله_فيصل_بن_تركي#ابي فاعل خير يسدد ديون زوجي تكفون احب لااخيك ماتحب نفسك (انشر عسى نجد احد يسدد الله يفرجها عليها من نشر الرساله","319":"#استقاله_فيصل_بن_تركي هو ماخرب عليه وقلب كيان فريق كامل وشتتهم الا شخص واحد الله يهديه بس😂😂 https:\/\/t.co\/ih891IJ8zX","326":"#استقاله_فيصل_بن_تركي كحيلان رجل محترم أخذ النصر وهو بعيد عن البطولات عشرين سنة وتركة وهو محقق ثلاث بطولات 280مليون ديون فقط","335":"#استقاله_فيصل_بن_تركي 💔🙄 يالله هالخبر مو وقته مع الاختبارات تكفى ي كحيلان خليك انت النصر والنصر انت 💛💙","336":"#استقاله_فيصل_بن_تركي\nوالله عيب يالنسيب طيب والعرس؟ 😂😂","344":"#استقاله_فيصل_بن_تركي\nافضل وقت له اذا اراد الهروب من الديون كما يروج البعض\nولكن من يعرف عشقه للنصر يدرك انه لايمكن ان يستقيل وهو بهذا الوضع","383":"الله يرحمه احسن الله عزاكم فيه😂😂\n #شكرا_فيصل_بن_تركي","391":"#استقاله_فيصل_بن_تركي\n\nمافيه احد عاقل بيتحمل ٣٠٠ مليون\nديون فيصل بن تركي ويسددها\nثم يتم تخصيص النادي\nويشتري النادي شخص ثاني twitter.com\/mhfb9262\/statu…","399":"#استقاله_فيصل_بن_تركي\n\n1- إلى جمهور النصر إن لم يسارعون أعضاء شرف النصر في  التدخل ودفع الديون المتراكمة قبل مباراة نجران \nكحيلان سيستقيل","404":"#استقاله_فيصل_بن_تركي\nمبرووووووك الطواقي اخذو بطوله تكبير 😂","407":"بعد م غركم ديون هرب .\n #استقالة_فيصل_بن_تركي","410":"اهم شي يبو تركي تكفى مهاجم اجنبي سوبر ونبي معه صانع لعب مجنون وظهير ايسر مبدع والباقي كله موجود ولجنه لاختيارهم بعنايه بس #كلنا_فيصل_بن_تركي","424":"قلنا لكم :\nبياخذ الفلوس اللي دفعها للنصر على شكل ديون\"اللي يسميها جمهور الغفله دعم\"\nو يهج🏃\nو يرجع النصر مثل ما كان🔇\n\n#استقاله_فيصل_بن_تركي","439":"اول مره بحياتي رائيس أمامه بطولة الملك ويسحب عارف ان السومه يبي يشقههم حتى طويل العم ماعنده أمل ان النصر يأخذ بطوله 😂\n #استقاله_فيصل_بن_تركي","442":"😂😂😂😂😂😂😂\n\nمافي شي بس تذكرت تصريح المريسل الهلال بياخذ دور النصر 😳🙈😂😂😂\n\nرح دور لك ع ريس\n\n #استقاله_فيصل_بن_تركي\n@ALMRISEUL 🤔","451":"#استقاله_فيصل_بن_تركي_مطلب\nالشروط الجديدة للزواج شوفوها🤦🏻‍♀️ 😂😳😳🔥.\n\n⁦Instagram.com\/m.em_52⁩","452":"#استقاله_فيصل_بن_تركي\n\nسنابات سعودي قوي:الثلاثاء\nعزازي صار لبناني 😂😂😂😂\nyoutu.be\/XEWGcAIsa7I\n\nعمار سناب","470":"تعتبر هروب و ليست إستقاله ..\nتحمل النادي ديون و إلتزامات بالملايين و تريد الإبتعاد\n #استقاله_فيصل_بن_تركي #النصر","479":"#استقاله_فيصل_بن_تركي\nالمفترض مايجدد الرئيس او يستقيل الا بعد تسديد الديون وش الفايده من رحيله بعد ما ارتكب الديون ل النادي من يبي يتقدم","486":"سيناريو متكرر النادي مديون بمبلغ كبير!\nيقدم الاستقاله ومحد يتقدم للنادي وبعدها يرجع يقول محد مسك النادي !والخطه مكشوفه #استقاله_فيصل_بن_تركي","491":"#استقاله_فيصل_بن_تركي الأنديه مقبله على الخصخصه من سيتكفل بدفع الديون اولا ثم الرئاسه خالد بن فهد ومرشحيه سيهوون بالنصر وكحيلان هل سيصمد؟","505":"#استقاله_فيصل_بن_تركي اخواننا الهلاليين شادين حيلهم 😳😂","519":"#استقاله_فيصل_بن_تركي\nع قولة عبده عطيف جمهور مسير😂😂ملوا النادي الديون وهذا سندهم حتى لايتقدم احد😂😂فيلم هندي بطولة كحيلان والمريسل والبقية😂😂","523":"لا تكفى لنا عشرين سنه ننتظر وجبت لنا الدفع الرباعي مرتين\nشف لنا صرفه صلح الدفع لو من التشاليح\n #استقاله_فيصل_بن_تركي https:\/\/t.co\/DdOcBEqYvx","527":"#استقاله_فيصل_بن_تركي\nمنها الديون ورواتب اللاعبين المتأخره \n\nوأيضا يجب وضع حد لاستهتار بعض اللاعبين وعدم احترام شعار العالمي داخل الملعب","538":"#استقاله_فيصل_بن_تركي_مطلب ومين بيسدد ال٢٠٠ مليون؟ لكم بالاتحاد عبره!","549":"#استقالة_فيصل_بن_تركي يجب أن لا تأخذ  بعاطفة واستغفال  بل يجب  محاسبته ومسائلته  عن  أرقام  الديون الفلكية التي ستغرق    #النصر","551":"#استقاله_فيصل_بن_تركي \nلأن يذهب بعيدآ ف الخصخصة قادمه يرغب بامتلاك النادي هو والأصدقاء الأغنياء \nالنادي مشبع بالديون من يتجرأ ويقدم سيخسر","555":"#استقاله_فيصل_بن_تركي\n\nتأسيس لغة انجليزية للأطفال+ شرح منهج الرياضيات لجميع الصفوف + شروحات اون لاين  \/جدة  ❤","559":"#استقاله_فيصل_بن_تركي\nمحتاجه سعوده جعله يفرج عليه علي ديون ابي اسددها تكفون فرجو علي","563":"كانوا يضحكون على هذه الصوره \n\nويطقطقون ما يدرون أن  بسبب هذا الاجتماع\n\nأصبح الهلال بلا ديون 😏 \n\n#استقاله_فيصل_بن_تركي https:\/\/t.co\/HyghNPShY9","573":"#استقاله_فيصل_بن_تركي\n\nجمهور مسيار وجمهور ماله كلمه ..  يوم استقال قالو راح نفقدك وماراح يجي رئيس مثلك وقبل يسبونه  😂😂😂😂","588":"#استقاله_فيصل_بن_تركي\nاستقال بعد ماورط النادي بالديون !\nلو فيصل بن تركي استقال الموسم الماضي بعد تحقيق الدوري لدخل التاريخ من اوسع ابوابه .","589":"فيصل ابن تركي ذكي ،، اغرق النادي بديون ليضمن محد ياخذ الرئاسة ،، لانه طبيعي محد جاي لنادي وهو غرقان ديون 👌 #استقاله_فيصل_بن_تركي","593":"موسم بدون بطولات بنجوم للفريق واسماء اجانب جيدة\nمايمنع اننا نبيع كم نجم بمبلغ محترم وتخف الديون والانجاز بيجي مع الوقت #استقاله_فيصل_بن_تركي","594":"من أعظم مطالب الدنيا:\n*\" كفاية الهم \"* ومن أعظم مطالب اﻵخرة:\n*\" غفران الذنب \"* وهما مضمونتان:\nبالصلاة على النبي ﷺ\n #استقاله_فيصل_بن_تركي","596":"عندك نهائي مهم وتراكم ديون ورواتب لاعبين وجاي في وقت حساس تعلن استقالتك ؟؟؟ \nخلها بعد النهائي طيب 😾\n٠\n#استقالة_فيصل_بن_تركي","602":"#استقاله_فيصل_بن_تركي_مطلب\nكحيلان قاعد على قلوبكم😂😂\nخابزكم وعاجنكم معندكم سالفه يرسل المريسل بكرا يحفظكم نشيد اوروا وتتسون","603":"#استقاله_فيصل_بن_تركي\n#كذبه\nلغيابه عن الاعلام موسم كامل ما تحمل \nقال استقيل واخر الموسم اقولهم الظروف استدعتني اكمل ومحد تقدم للرئاسة","611":"#استقاله_فيصل_بن_تركي\nاذاالوليد بن بدر اوفيصل بن عبدالرحمن ترشحو للادارة فتسديد الديون بسيطة\n \nبيع عقود اللاعبين المهمين ونرجع لزمن الكديش!","630":"#استقاله_فيصل_بن_تركي\n\nتبوني استقيل 😔\nوانا اللي جايب لكم 16 دوري 😭 http:\/\/t.co\/wiU4E6OnBo","646":"القواطي جحدو فيصل بن تركي  على مر التاريخ الجمهور جحد الرمز وقفت على كحيلان 😂 #استقاله_فيصل_بن_تركي","649":"3️⃣ من كان يلح على #استقاله_فيصل_بن_تركي أصبح يطالبه بعدم الاستقالة حتى يسدد الديون ( يعني اقعد لاتستقيل ) وكأنه صُدِم بخبر الاستقالة ..!","652":"بالجامعه\nوضع سؤال للامتحان\n-ماهو اسم حبيبك او حبيبتك\nالبنات خمس ثواني: خلصنا\nالشباب : دكتور عادي نكمل ورا الورقه؟\n😂😂\n#استقاله_فيصل_بن_تركي","653":"#استقاله_فيصل_بن_تركي\nخذوها من الأخر خبر الأستقاله علشان يرضون الجمهور فقط \nو اتحدا اذا فيه احد بيرشح نفسه لرئاسه\nحتى لو الديون صفر","659":"كيف يبون شخص يجهز ادارة وباقي ع المهلة ١٧ يوم وعندك ديون وعندك قضايا الموضوع ليس بالسهل أشك بأنه فيلم محبوك #استقاله_فيصل_بن_تركي","660":"#استقاله_فيصل_بن_تركي \n\nالحين يجي كم مطبل وكم مرتزق .\n\nوتكفى ياكحيلان لاتروح.\n\nونستمر في هذه الدوامة :\n\nإستقال . ماستقال . إستقال . ماستقال","662":"#استقاله_فيصل_بن_تركي\nكل من طالب بالاستقالة يعلمون تماماً بديون النادي حتى المشجع البسيط.\nالمفترض يقابلها حل اما ان تطالب بدون حل هذي كارثة.","663":"ازعجونا بسالفة ديون ديون ديون..\nياعمي كل الاندية مديونة .. واجيب بطولات بديون افضل الف مرة من لا ديون ولا بطولات\n#شكرا_فيصل_بن_تركي\n#النصر","679":"#استقاله_فيصل_بن_تركي أتحدى فيصل بن تركي يستقيل لسببين الأول ديون النادي الضخمة والثاني كحيلان لا يستطيع البعد عن الإعلام والفلاشات","680":"مواطن يطلق زوجته بسبب تأخر رحلة الخطوط السعودية \ngoo.gl\/51rNx1\n\n#صوره_السعاده_بالنسبالك\n#استقاله_فيصل_بن_تركي","683":"#استقاله_فيصل_بن_تركي\nمالك الا خشمك لو هو عوج 😂😂😂😂😂 https:\/\/t.co\/0WTOo9gxmz","693":"#استقاله_فيصل_بن_تركي\nرئيس النصر قال كلمة ماانتبهتوا لها \n\nقال بعد مااستقيل سأدعم الادارة السابقه 😂😂😂😂\n\nهذي اخت 👇\n\nمالنا صديق الا انا 😂😂","694":"#استقاله_فيصل_بن_تركي\n\nكحيلان ذكي للغاية ؟\nمن يمسك النادي وهو مديون\nبنصف مليار الان استقال وبكره بيرجع\nيقول وين البديل ماحد بيجي وهذي الديون","702":"#استقاله_فيصل_بن_تركي\n\nالخبر غير صحيح\nكحيلان حالف انه مايترك النادي\nالا بعد مايحمله مليار ريال ديون\nغير كذا تحلمون برحيل الرمز كحيلان😂","703":"#استقاله_فيصل_بن_تركي\n،\nلايستقيل لين يسدد الديون كلها","704":"#استقاله_فيصل_بن_تركي\nبعد ماورط النادي بديون تقدر بمئات الملايين هذا يسمى هروووب وليس استقالة","711":"#استقاله_فيصل_بن_تركي \nكله من جحفلي الله يسامحه☹️\nوطيب والديون الي بتكون صفر☹️\nطيب والصملة بتسحب عليه☹️\nاو تقدم استقاله عشان تتويج #الهلال 😂 https:\/\/t.co\/UoHydvS30m","714":"#استقاله_فيصل_بن_تركي الاستقالة هي هروب من المسئولية والديون المتراكمة على النادي","720":"#استقاله_فيصل_بن_تركي للأمانة أحدث نقلة كبيرة بمستويات #النصر وعناصره البديل سيواجهه الديون ولن يستطيع تقديم شيء المستقبل غامض","721":"لن تتكرر يا من أعدت هيبة النصر وشجاعتك تكفى عبدالرحمن بن سعود رحمه الله وانت فقط ...#شكراً_فيصل_بن_تركي","727":"تحقق الحلم لبعض النصراويين وانا اشوف انه اكبر نكسه في تاريخ النصر واتوقع النصر راح يرجع للمراكز المتأخره.  #استقاله_فيصل_بن_تركي","734":"#استقاله_فيصل_بن_تركي\nفيصل بن تركي يضرب اروع الامثله بالامانة استلم الفريق ينافس على الهبوط وسلم الفريق وهو ينافس على الهبوط😂😂","737":"#استقاله_فيصل_بن_تركي\n\nالديون يا ابوتركي ..، تراك اعلنتها انك بتصفي الديون قبل تمشي ... \n\nاخلص علينا وسدد","740":"لو اتعاقد مع ميسي بـ💯مليون\nوأجيب ٣بطولات حلوين\nبعدين أستقيل وأترك للنادي واللي بعدي ديون و قضايا\nهل أكون نجحت او فشلت؟\n#استقاله_فيصل_بن_تركي","745":"#استقاله_فيصل_بن_تركي                                   انا اشم ريحة ديون😂😂😂😂😂😂😂💔 https:\/\/t.co\/CcNGgiwB2X","746":"السهلاوي يطالع الحكم #مشاري_المشاري ، ويقول تكفى ابي بلنتي مركزنا السادس ☺\n\n#النصر_الفيصلي \n#استقاله_فيصل_بن_تركي","748":"#استقاله_فيصل_بن_تركي\nورّط عوض خميس وانحاش😂\nالنحشه يارجال\nالنحشه رجال\nالنحشه للرجال https:\/\/t.co\/PUoYWeZob7","753":"استقال بعد ان ورط النادي بديون بالملايين\nنشوه هياط سنسجل ونسجل ونسجل جعلت من النادي مديونآ\nوهاهوا يهرب الان !\n#استقاله_فيصل_بن_تركي\n#النصر","757":"#استقاله_فيصل_بن_تركي_مطلب\nلو استقال إحنا كهلايين بنرجعه\nكيف يروح ملح الدوري\nيسعد المنافسين ويدعس على جماهيره\nاحضر وانت ساكت\nقفل جوالك 😂😭😭👻 https:\/\/t.co\/wfgJ5JcgKu","760":"#استقاله_فيصل_بن_تركي\n1- إذا ثبت الخبر أن غالب تقدم بشكوى على نادي النصر بطلب مستحقات متأخرة لأكثر من ثلاث سنوات .","767":"حركات لامتصاص غضب الجمهور الا مستحيل يترك النصر ولافي شخص بيرأس النصر وعليه هالديون الكبيره  #استقاله_فيصل_بن_تركي","769":"#استقاله_فيصل_بن_تركي\n\nبدايتها الصمله واخرتها النحشه وتوريط النادي بالديون 😂","775":"#استقاله_فيصل_بن_تركي مع احترامي له الا ان التوقيت جدا غلط ، واتمنى قبل يستقيل يصفي حساباته ويعطي اللاعبين حقوقهم ولا يورطنا ف ديون !!","788":"#استقاله_فيصل_بن_تركي\n\nهالرئيس تحفه دايم باللقاءات التلفزيونية اذا اتصل يبدأ كلامه احب اصبح عليك وأمسئ ع ضيوفك الكرام \n\nالرئيس منتهي😂😄","791":"#استقاله_فيصل_بن_تركي لاترحل باكحيلان انت والاسطوره حسينوه محتاجينكم كمان موسم 😂😂😂","797":"#استقالة_فيصل_بن_تركي\nفلم من اعداد واخراج الامير .. والكومبارس المطبلاتي المعروف .. ياللا يالعيبة النصر اتحمسوا وجيبوا الكاس لعيونو😁😂","798":"#استقالة_فيصل_بن_تركي هذي استقالتي اقبلوها وانتم ساكتين 😂😂😂😂😂😂","803":"المطبلين قبل الاستقاله : فيصل سيسدد الديون \nالمطبلين بعد الاستقاله : كيف يسدد وهو مُستقيل\n\n#استقالة_فيصل_بن_تركي","808":"ما لا تعرفونه عن فوائد عشبة عنب الدب السحرية\nyoutu.be\/8HH7XOuzz1U\n#صوره_السعاده_بالنسبالك\n#استقاله_فيصل_بن_تركي https:\/\/t.co\/NCXuTB6GP7","818":"لبى خوي ما يخلي خويّه 😂😂💔\n\n#اعتزال_مرعي_العواجي \n#استقالة_فيصل_بن_تركي"},"stance":{"0":"Favor","20":"Favor","24":"Favor","30":"Favor","46":"Favor","50":"Favor","56":"Favor","61":"Favor","62":"Favor","67":"Favor","75":"Favor","107":"Favor","118":"Favor","127":"Favor","134":"Favor","136":"Favor","144":"Favor","145":"Favor","148":"Favor","154":"Favor","159":"Favor","162":"Favor","188":"Favor","193":"Favor","200":"Favor","217":"Favor","222":"Favor","232":"Favor","252":"Favor","263":"Favor","273":"Favor","277":"Favor","292":"Favor","299":"Favor","309":"Favor","310":"Favor","322":"Favor","339":"Favor","340":"Favor","341":"Favor","342":"Favor","349":"Favor","352":"Favor","361":"Favor","372":"Favor","379":"Favor","380":"Favor","395":"Favor","400":"Favor","408":"Favor","419":"Favor","423":"Favor","436":"Favor","438":"Favor","450":"Favor","468":"Favor","473":"Favor","474":"Favor","477":"Favor","497":"Favor","503":"Favor","510":"Favor","511":"Favor","516":"Favor","534":"Favor","542":"Favor","545":"Favor","547":"Favor","548":"Favor","550":"Favor","558":"Favor","566":"Favor","572":"Favor","578":"Favor","582":"Favor","587":"Favor","614":"Favor","618":"Favor","626":"Favor","627":"Favor","635":"Favor","638":"Favor","651":"Favor","656":"Favor","657":"Favor","661":"Favor","671":"Favor","678":"Favor","681":"Favor","685":"Favor","710":"Favor","716":"Favor","728":"Favor","741":"Favor","751":"Favor","752":"Favor","755":"Favor","762":"Favor","766":"Favor","773":"Favor","3":"Against","10":"Against","60":"Against","69":"Against","83":"Against","89":"Against","98":"Against","103":"Against","108":"Against","111":"Against","113":"Against","119":"Against","131":"Against","155":"Against","156":"Against","172":"Against","179":"Against","185":"Against","198":"Against","235":"Against","241":"Against","255":"Against","279":"Against","314":"Against","329":"Against","348":"Against","357":"Against","358":"Against","366":"Against","381":"Against","402":"Against","427":"Against","456":"Against","458":"Against","461":"Against","464":"Against","480":"Against","489":"Against","496":"Against","500":"Against","514":"Against","518":"Against","544":"Against","552":"Against","557":"Against","567":"Against","583":"Against","604":"Against","612":"Against","628":"Against","639":"Against","645":"Against","669":"Against","670":"Against","672":"Against","682":"Against","708":"Against","713":"Against","744":"Against","749":"Against","754":"Against","7":"None","12":"None","16":"None","31":"None","32":"None","33":"None","38":"None","41":"None","43":"None","73":"None","74":"None","76":"None","78":"None","92":"None","97":"None","105":"None","125":"None","128":"None","130":"None","149":"None","152":"None","153":"None","163":"None","169":"None","171":"None","181":"None","190":"None","199":"None","210":"None","211":"None","214":"None","221":"None","225":"None","230":"None","238":"None","242":"None","250":"None","257":"None","276":"None","284":"None","290":"None","300":"None","304":"None","319":"None","326":"None","335":"None","336":"None","344":"None","383":"None","391":"None","399":"None","404":"None","407":"None","410":"None","424":"None","439":"None","442":"None","451":"None","452":"None","470":"None","479":"None","486":"None","491":"None","505":"None","519":"None","523":"None","527":"None","538":"None","549":"None","551":"None","555":"None","559":"None","563":"None","573":"None","588":"None","589":"None","593":"None","594":"None","596":"None","602":"None","603":"None","611":"None","630":"None","646":"None","649":"None","652":"None","653":"None","659":"None","660":"None","662":"None","663":"None","679":"None","680":"None","683":"None","693":"None","694":"None","702":"None","703":"None","704":"None","711":"None","714":"None","720":"None","721":"None","727":"None","734":"None","737":"None","740":"None","745":"None","746":"None","748":"None","753":"None","757":"None","760":"None","767":"None","769":"None","775":"None","788":"None","791":"None","797":"None","798":"None","803":"None","808":"None","818":"None"}}